cohort,taxon,taxon_full,n_nonzero,alpha_hat,theta_hat,ks_gamma_p,ks_exp_p,gamma_better
FengQ_2015,s__Ruminococcus_bromii,k__Bacteria|p__Firmicutes|c__Clostridia|o__Clostridiales|f__Ruminococcaceae|g__Ruminococcus|s__Ruminococcus_bromii,140,0.289738867177549,26.195714742111875,0.005777668562381266,8.070640622396055e-15,True
FengQ_2015,s__Anaerostipes_hadrus,k__Bacteria|p__Firmicutes|c__Clostridia|o__Clostridiales|f__Lachnospiraceae|g__Anaerostipes|s__Anaerostipes_hadrus,153,0.6293608268708782,8.672705925608641,0.3218646617611378,0.01816350406772133,True
FengQ_2015,s__Collinsella_aerofaciens,k__Bacteria|p__Actinobacteria|c__Coriobacteriia|o__Coriobacteriales|f__Coriobacteriaceae|g__Collinsella|s__Collinsella_aerofaciens,148,0.4411291211863272,11.366968314760767,0.02298976323960178,0.00014278073141751175,True
FengQ_2015,s__Faecalibacterium_prausnitzii,k__Bacteria|p__Firmicutes|c__Clostridia|o__Clostridiales|f__Ruminococcaceae|g__Faecalibacterium|s__Faecalibacterium_prausnitzii,152,0.7260155684079191,6.604401110613275,0.09145174261371569,0.2732294120035502,False
FengQ_2015,s__Bifidobacterium_adolescentis,k__Bacteria|p__Actinobacteria|c__Actinobacteria|o__Bifidobacteriales|f__Bifidobacteriaceae|g__Bifidobacterium|s__Bifidobacterium_adolescentis,124,0.31457201921003763,18.66256208499535,0.364147587246867,2.6700681056317866e-11,True
FengQ_2015,s__Escherichia_coli,k__Bacteria|p__Proteobacteria|c__Gammaproteobacteria|o__Enterobacterales|f__Enterobacteriaceae|g__Escherichia|s__Escherichia_coli,120,0.24659307541998976,19.66252935154514,5.7884856111570866e-05,1.0235698703299352e-34,True
FengQ_2015,s__Bifidobacterium_longum,k__Bacteria|p__Actinobacteria|c__Actinobacteria|o__Bifidobacteriales|f__Bifidobacteriaceae|g__Bifidobacterium|s__Bifidobacterium_longum,134,0.5220011088013489,7.8278773794651215,0.5458864152839564,0.02802109470796965,True
FengQ_2015,s__Akkermansia_muciniphila,k__Bacteria|p__Verrucomicrobia|c__Verrucomicrobiae|o__Verrucomicrobiales|f__Akkermansiaceae|g__Akkermansia|s__Akkermansia_muciniphila,123,0.28782327155817816,11.610423518604678,0.31170586869717276,5.916153436250357e-16,True
FengQ_2015,s__Eubacterium_hallii,k__Bacteria|p__Firmicutes|c__Clostridia|o__Clostridiales|f__Eubacteriaceae|g__Eubacterium|s__Eubacterium_hallii,149,0.6805042626292356,4.032415159452224,0.8082495525018778,0.19111051880964802,True
FengQ_2015,s__Eubacterium_rectale,k__Bacteria|p__Firmicutes|c__Clostridia|o__Clostridiales|f__Lachnospiraceae|g__Lachnospiraceae_unclassified|s__Eubacterium_rectale,144,0.36138485470854165,7.582324649096316,0.387550003246644,1.9951118470137561e-13,True
FengQ_2015,s__Dorea_longicatena,k__Bacteria|p__Firmicutes|c__Clostridia|o__Clostridiales|f__Lachnospiraceae|g__Dorea|s__Dorea_longicatena,141,0.7683902339958032,3.4816198549578035,0.11405111184830163,0.6927606715796619,False
FengQ_2015,s__Blautia_wexlerae,k__Bacteria|p__Firmicutes|c__Clostridia|o__Clostridiales|f__Lachnospiraceae|g__Blautia|s__Blautia_wexlerae,152,0.3735993988732412,6.600864862669545,0.0012249451866645277,2.2258918125281564e-19,True
FengQ_2015,s__Fusicatenibacter_saccharivorans,k__Bacteria|p__Firmicutes|c__Clostridia|o__Clostridiales|f__Lachnospiraceae|g__Fusicatenibacter|s__Fusicatenibacter_saccharivorans,144,0.7562231296590083,3.402380026887575,0.8614275672136692,0.8709169587186613,False
FengQ_2015,s__Bacteroides_vulgatus,k__Bacteria|p__Bacteroidetes|c__Bacteroidia|o__Bacteroidales|f__Bacteroidaceae|g__Bacteroides|s__Bacteroides_vulgatus,145,0.3314548604188639,7.4321369972412805,0.03739560815122045,1.280523001769575e-14,True
FengQ_2015,s__Roseburia_faecis,k__Bacteria|p__Firmicutes|c__Clostridia|o__Clostridiales|f__Lachnospiraceae|g__Roseburia|s__Roseburia_faecis,130,0.4020814864120523,6.420353189802508,0.8863608624538276,7.982829448454251e-09,True
FengQ_2015,s__Ruminococcus_torques,k__Bacteria|p__Firmicutes|c__Clostridia|o__Clostridiales|f__Lachnospiraceae|g__Blautia|s__Ruminococcus_torques,138,0.5947568603567268,3.719280160934303,0.9613323649549241,0.005785718553320662,True
FengQ_2015,s__Bacteroides_uniformis,k__Bacteria|p__Bacteroidetes|c__Bacteroidia|o__Bacteroidales|f__Bacteroidaceae|g__Bacteroides|s__Bacteroides_uniformis,142,0.4645178115048857,4.2124323560719885,0.844779262561659,5.719616745180168e-07,True
FengQ_2015,s__Ruminococcus_gnavus,k__Bacteria|p__Firmicutes|c__Clostridia|o__Clostridiales|f__Lachnospiraceae|g__Blautia|s__Ruminococcus_gnavus,123,0.2336479984974627,7.859138026977963,8.777753290577324e-05,8.29260707567372e-37,True
FengQ_2015,s__Prevotella_copri,k__Bacteria|p__Bacteroidetes|c__Bacteroidia|o__Bacteroidales|f__Prevotellaceae|g__Prevotella|s__Prevotella_copri,65,0.2023093167407811,17.10568622374327,0.001835238191184696,2.7787327731450307e-21,True
FengQ_2015,s__Eubacterium_sp_CAG_180,k__Bacteria|p__Firmicutes|c__Clostridia|o__Clostridiales|f__Eubacteriaceae|g__Eubacterium|s__Eubacterium_sp_CAG_180,71,0.3572273578666826,7.8838748282513835,0.0946979913306717,1.1903072658490247e-05,True
FengQ_2015,s__Coprococcus_comes,k__Bacteria|p__Firmicutes|c__Clostridia|o__Clostridiales|f__Lachnospiraceae|g__Coprococcus|s__Coprococcus_comes,137,0.7600766675662866,1.9107964851333348,0.218002176066468,0.3510678787705781,False
FengQ_2015,s__Methanobrevibacter_smithii,k__Archaea|p__Euryarchaeota|c__Methanobacteria|o__Methanobacteriales|f__Methanobacteriaceae|g__Methanobrevibacter|s__Methanobrevibacter_smithii,71,0.3423235067172348,8.024633982671572,0.4993991087776992,2.3007606298145025e-06,True
FengQ_2015,s__Blautia_obeum,k__Bacteria|p__Firmicutes|c__Clostridia|o__Clostridiales|f__Lachnospiraceae|g__Blautia|s__Blautia_obeum,142,0.7179159006063806,1.8470695978216807,0.2874444606731713,0.07169502819463558,True
FengQ_2015,s__Alistipes_putredinis,k__Bacteria|p__Bacteroidetes|c__Bacteroidia|o__Bacteroidales|f__Rikenellaceae|g__Alistipes|s__Alistipes_putredinis,124,0.44087839853323746,2.9582613998013145,0.6522250183272333,6.48028529712836e-08,True
FengQ_2015,s__Bifidobacterium_bifidum,k__Bacteria|p__Actinobacteria|c__Actinobacteria|o__Bifidobacteriales|f__Bifidobacteriaceae|g__Bifidobacterium|s__Bifidobacterium_bifidum,51,0.2916420782478271,10.283929152499041,0.7821527252241129,3.1780203242970036e-06,True
FengQ_2015,s__Coprococcus_eutactus,k__Bacteria|p__Firmicutes|c__Clostridia|o__Clostridiales|f__Lachnospiraceae|g__Coprococcus|s__Coprococcus_eutactus,62,0.25127032198147486,8.774326090520272,0.19656818446899293,1.7357509925321752e-11,True
FengQ_2015,s__Eubacterium_sp_CAG_251,k__Bacteria|p__Firmicutes|c__Clostridia|o__Clostridiales|f__Eubacteriaceae|g__Eubacterium|s__Eubacterium_sp_CAG_251,58,0.43007441848059735,5.398100654770141,0.22786739875265116,0.020304600329078215,True
FengQ_2015,s__Bacteroides_dorei,k__Bacteria|p__Bacteroidetes|c__Bacteroidia|o__Bacteroidales|f__Bacteroidaceae|g__Bacteroides|s__Bacteroides_dorei,88,0.2902904790014441,4.790448504176305,0.014252528413046694,3.105646465348604e-17,True
FengQ_2015,s__Agathobaculum_butyriciproducens,k__Bacteria|p__Firmicutes|c__Clostridia|o__Clostridiales|f__Ruminococcaceae|g__Agathobaculum|s__Agathobaculum_butyriciproducens,141,0.8244865552588913,1.0441342861931164,0.8381269145363291,0.3640114559062152,True
FengQ_2015,s__Eubacterium_siraeum,k__Bacteria|p__Firmicutes|c__Clostridia|o__Clostridiales|f__Ruminococcaceae|g__Ruminococcaceae_unclassified|s__Eubacterium_siraeum,117,0.4013908329493118,2.392932993670687,0.047374570431422014,4.172395433181753e-11,True
HMP_2019_ibdmdb,s__Bacteroides_vulgatus,k__Bacteria|p__Bacteroidetes|c__Bacteroidia|o__Bacteroidales|f__Bacteroidaceae|g__Bacteroides|s__Bacteroides_vulgatus,1360,0.5940379729264877,33.99359439082644,4.5628157163854065e-21,1.0889921305791974e-11,False
HMP_2019_ibdmdb,s__Bacteroides_uniformis,k__Bacteria|p__Bacteroidetes|c__Bacteroidia|o__Bacteroidales|f__Bacteroidaceae|g__Bacteroides|s__Bacteroides_uniformis,1318,0.8693332701180544,13.496278299011715,0.00028421801925506844,0.04830071119409185,False
HMP_2019_ibdmdb,s__Faecalibacterium_prausnitzii,k__Bacteria|p__Firmicutes|c__Clostridia|o__Clostridiales|f__Ruminococcaceae|g__Faecalibacterium|s__Faecalibacterium_prausnitzii,1476,0.8889785636352405,10.253084719869783,0.5133125578151889,0.17208924999414377,True
HMP_2019_ibdmdb,s__Prevotella_copri,k__Bacteria|p__Bacteroidetes|c__Bacteroidia|o__Bacteroidales|f__Prevotellaceae|g__Prevotella|s__Prevotella_copri,351,0.2668770660059201,101.2295493671451,2.49577325016588e-07,1.645414278667429e-40,True
HMP_2019_ibdmdb,s__Bacteroides_stercoris,k__Bacteria|p__Bacteroidetes|c__Bacteroidia|o__Bacteroidales|f__Bacteroidaceae|g__Bacteroides|s__Bacteroides_stercoris,886,0.5014625755803587,21.23628868163098,0.0003424688306585928,4.940623502297659e-28,True
HMP_2019_ibdmdb,s__Bacteroides_dorei,k__Bacteria|p__Bacteroidetes|c__Bacteroidia|o__Bacteroidales|f__Bacteroidaceae|g__Bacteroides|s__Bacteroides_dorei,645,0.34620810877286384,31.217085834210035,0.018138792888287077,1.5057472899475286e-55,True
HMP_2019_ibdmdb,s__Alistipes_putredinis,k__Bacteria|p__Bacteroidetes|c__Bacteroidia|o__Bacteroidales|f__Rikenellaceae|g__Alistipes|s__Alistipes_putredinis,932,0.7786693486492731,6.318265812603201,1.1605487790972845e-12,2.2139055987959707e-06,False
HMP_2019_ibdmdb,s__Bacteroides_fragilis,k__Bacteria|p__Bacteroidetes|c__Bacteroidia|o__Bacteroidales|f__Bacteroidaceae|g__Bacteroides|s__Bacteroides_fragilis,818,0.41055674693708816,13.011806982964679,0.0017797093759913947,2.7387017682060296e-51,True
HMP_2019_ibdmdb,s__Bacteroides_ovatus,k__Bacteria|p__Bacteroidetes|c__Bacteroidia|o__Bacteroidales|f__Bacteroidaceae|g__Bacteroides|s__Bacteroides_ovatus,1268,0.5747798179847459,5.756279372124696,0.003719568263241057,1.0065188919867015e-27,True
HMP_2019_ibdmdb,s__Bacteroides_caccae,k__Bacteria|p__Bacteroidetes|c__Bacteroidia|o__Bacteroidales|f__Bacteroidaceae|g__Bacteroides|s__Bacteroides_caccae,1040,0.9300448180117283,4.070891162926179,0.02958669604429387,0.21180436104964406,False
HMP_2019_ibdmdb,s__Parabacteroides_distasonis,k__Bacteria|p__Bacteroidetes|c__Bacteroidia|o__Bacteroidales|f__Tannerellaceae|g__Parabacteroides|s__Parabacteroides_distasonis,1203,0.842760867326633,3.8678571286409267,5.857432425499979e-06,1.3099589147562197e-08,True
HMP_2019_ibdmdb,s__Eubacterium_rectale,k__Bacteria|p__Firmicutes|c__Clostridia|o__Clostridiales|f__Lachnospiraceae|g__Lachnospiraceae_unclassified|s__Eubacterium_rectale,1254,0.4958926550780073,6.042468150070348,0.0117046899804353,1.615672569009647e-49,True
HMP_2019_ibdmdb,s__Roseburia_faecis,k__Bacteria|p__Firmicutes|c__Clostridia|o__Clostridiales|f__Lachnospiraceae|g__Roseburia|s__Roseburia_faecis,1002,0.4684783575174733,7.749872915731274,0.00011769518824971535,1.1137944575498549e-45,True
HMP_2019_ibdmdb,s__Roseburia_intestinalis,k__Bacteria|p__Firmicutes|c__Clostridia|o__Clostridiales|f__Lachnospiraceae|g__Roseburia|s__Roseburia_intestinalis,940,0.36105954419403186,10.477652765998883,1.5958277340849816e-12,1.0880289124753545e-105,True
HMP_2019_ibdmdb,s__Bacteroides_thetaiotaomicron,k__Bacteria|p__Bacteroidetes|c__Bacteroidia|o__Bacteroidales|f__Bacteroidaceae|g__Bacteroides|s__Bacteroides_thetaiotaomicron,1101,0.505247179884871,5.350027457473826,0.10382930525488065,1.9554131346706925e-32,True
HMP_2019_ibdmdb,s__Escherichia_coli,k__Bacteria|p__Proteobacteria|c__Gammaproteobacteria|o__Enterobacterales|f__Enterobacteriaceae|g__Escherichia|s__Escherichia_coli,799,0.2884872367796311,9.794825098944992,2.6562221605818388e-21,7.817722601822339e-163,True
HMP_2019_ibdmdb,s__Parabacteroides_merdae,k__Bacteria|p__Bacteroidetes|c__Bacteroidia|o__Bacteroidales|f__Tannerellaceae|g__Parabacteroides|s__Parabacteroides_merdae,904,0.8016741106420622,3.0783431660715808,0.008728377139684546,0.016008463676868145,False
HMP_2019_ibdmdb,s__Bacteroides_xylanisolvens,k__Bacteria|p__Bacteroidetes|c__Bacteroidia|o__Bacteroidales|f__Bacteroidaceae|g__Bacteroides|s__Bacteroides_xylanisolvens,932,0.49526987475239403,4.415957631897599,0.47467328121521646,1.8981455076776623e-29,True
HMP_2019_ibdmdb,s__Alistipes_finegoldii,k__Bacteria|p__Bacteroidetes|c__Bacteroidia|o__Bacteroidales|f__Rikenellaceae|g__Alistipes|s__Alistipes_finegoldii,934,0.4179507373325695,4.305509057621206,6.543847049753974e-05,7.44912126674645e-49,True
HMP_2019_ibdmdb,s__Akkermansia_muciniphila,k__Bacteria|p__Verrucomicrobia|c__Verrucomicrobiae|o__Verrucomicrobiales|f__Akkermansiaceae|g__Akkermansia|s__Akkermansia_muciniphila,507,0.32850054816134694,8.53370942770903,0.00024954679882839824,2.341674556921313e-60,True
HMP_2019_ibdmdb,s__Flavonifractor_plautii,k__Bacteria|p__Firmicutes|c__Clostridia|o__Clostridiales|f__Ruminococcaceae|g__Flavonifractor|s__Flavonifractor_plautii,1379,0.510860707227002,1.8107369771205053,6.91260887657442e-07,2.6980193680414694e-59,True
HMP_2019_ibdmdb,s__Eubacterium_siraeum,k__Bacteria|p__Firmicutes|c__Clostridia|o__Clostridiales|f__Ruminococcaceae|g__Ruminococcaceae_unclassified|s__Eubacterium_siraeum,606,0.3794008172850959,5.381439795980855,0.0003704733538022093,5.907367916730184e-53,True
HMP_2019_ibdmdb,s__Eubacterium_eligens,k__Bacteria|p__Firmicutes|c__Clostridia|o__Clostridiales|f__Eubacteriaceae|g__Eubacterium|s__Eubacterium_eligens,988,0.5883867141726163,1.855663729849391,0.02001391460213555,9.969485152613508e-20,True
HMP_2019_ibdmdb,s__Barnesiella_intestinihominis,k__Bacteria|p__Bacteroidetes|c__Bacteroidia|o__Bacteroidales|f__Barnesiellaceae|g__Barnesiella|s__Barnesiella_intestinihominis,466,0.7162634349219745,3.156958932537666,0.31168425235505093,0.005799022381020598,True
HMP_2019_ibdmdb,s__Bacteroides_cellulosilyticus,k__Bacteria|p__Bacteroidetes|c__Bacteroidia|o__Bacteroidales|f__Bacteroidaceae|g__Bacteroides|s__Bacteroides_cellulosilyticus,453,0.4740666770385252,4.750414047820734,0.14826857535798665,1.1453964516131444e-21,True
HMP_2019_ibdmdb,s__Veillonella_parvula,k__Bacteria|p__Firmicutes|c__Negativicutes|o__Veillonellales|f__Veillonellaceae|g__Veillonella|s__Veillonella_parvula,602,0.26005654463420025,5.345658985843266,1.4738830267886237e-24,8.619272516419213e-159,True
HMP_2019_ibdmdb,s__Lachnospira_pectinoschiza,k__Bacteria|p__Firmicutes|c__Clostridia|o__Clostridiales|f__Lachnospiraceae|g__Lachnospira|s__Lachnospira_pectinoschiza,542,0.5386924589050731,2.85183558694287,0.014442000818993127,1.4384549416925352e-16,True
HMP_2019_ibdmdb,s__Bacteroides_massiliensis,k__Bacteria|p__Bacteroidetes|c__Bacteroidia|o__Bacteroidales|f__Bacteroidaceae|g__Bacteroides|s__Bacteroides_massiliensis,402,0.7038598022226583,2.878427630175499,0.3308903739189424,0.019013890027253157,True
HMP_2019_ibdmdb,s__Roseburia_inulinivorans,k__Bacteria|p__Firmicutes|c__Clostridia|o__Clostridiales|f__Lachnospiraceae|g__Roseburia|s__Roseburia_inulinivorans,1050,0.515748012793314,1.4305094750666258,9.294405686726556e-05,1.1771537092509574e-39,True
HMP_2019_ibdmdb,s__Bacteroides_faecis,k__Bacteria|p__Bacteroidetes|c__Bacteroidia|o__Bacteroidales|f__Bacteroidaceae|g__Bacteroides|s__Bacteroides_faecis,388,0.5266588660825642,3.636215738617676,0.360532590282168,5.857109193118385e-11,True
KarlssonFH_2013,s__Faecalibacterium_prausnitzii,k__Bacteria|p__Firmicutes|c__Clostridia|o__Clostridiales|f__Ruminococcaceae|g__Faecalibacterium|s__Faecalibacterium_prausnitzii,144,1.336615600702698,6.128707488794861,0.09425132200906428,0.0010372721184491434,True
KarlssonFH_2013,s__Ruminococcus_bromii,k__Bacteria|p__Firmicutes|c__Clostridia|o__Clostridiales|f__Ruminococcaceae|g__Ruminococcus|s__Ruminococcus_bromii,107,1.0987867428310802,7.74080135388895,0.0027078272032676765,0.000988073495693853,True
KarlssonFH_2013,s__Eubacterium_rectale,k__Bacteria|p__Firmicutes|c__Clostridia|o__Clostridiales|f__Lachnospiraceae|g__Lachnospiraceae_unclassified|s__Eubacterium_rectale,135,0.466586311461516,12.649373330214473,0.32420803007393584,1.3179903640159599e-05,True
KarlssonFH_2013,s__Bacteroides_uniformis,k__Bacteria|p__Bacteroidetes|c__Bacteroidia|o__Bacteroidales|f__Bacteroidaceae|g__Bacteroides|s__Bacteroides_uniformis,137,0.9821217332046143,4.6619193741154366,0.5578745607170906,0.5559095622075401,True
KarlssonFH_2013,s__Roseburia_faecis,k__Bacteria|p__Firmicutes|c__Clostridia|o__Clostridiales|f__Lachnospiraceae|g__Roseburia|s__Roseburia_faecis,130,0.5680631782614334,6.848969504629352,0.9898814873772975,0.0039527555897346245,True
KarlssonFH_2013,s__Anaerostipes_hadrus,k__Bacteria|p__Firmicutes|c__Clostridia|o__Clostridiales|f__Lachnospiraceae|g__Anaerostipes|s__Anaerostipes_hadrus,145,0.9397290265024365,3.7117546524970013,0.28265954787186587,0.19257825011332108,True
KarlssonFH_2013,s__Fusicatenibacter_saccharivorans,k__Bacteria|p__Firmicutes|c__Clostridia|o__Clostridiales|f__Lachnospiraceae|g__Fusicatenibacter|s__Fusicatenibacter_saccharivorans,142,1.720693760521383,1.7456695345638817,0.21101412650748508,2.5260834132870504e-05,True
KarlssonFH_2013,s__Collinsella_aerofaciens,k__Bacteria|p__Actinobacteria|c__Coriobacteriia|o__Coriobacteriales|f__Coriobacteriaceae|g__Collinsella|s__Collinsella_aerofaciens,138,0.8552950937028166,3.3613665166820357,0.002632081725984503,0.024571790200548338,False
KarlssonFH_2013,s__Bifidobacterium_adolescentis,k__Bacteria|p__Actinobacteria|c__Actinobacteria|o__Bifidobacteriales|f__Bifidobacteriaceae|g__Bifidobacterium|s__Bifidobacterium_adolescentis,104,0.6739621533539966,5.581895694863627,0.3804040508554045,0.028759717320109957,True
KarlssonFH_2013,s__Eubacterium_hallii,k__Bacteria|p__Firmicutes|c__Clostridia|o__Clostridiales|f__Eubacteriaceae|g__Eubacterium|s__Eubacterium_hallii,144,1.9093425745184582,1.2613005250113565,0.7728141237105606,0.0010463369350723175,True
KarlssonFH_2013,s__Bacteroides_vulgatus,k__Bacteria|p__Bacteroidetes|c__Bacteroidia|o__Bacteroidales|f__Bacteroidaceae|g__Bacteroides|s__Bacteroides_vulgatus,120,0.6639755819227268,4.105561872380096,0.8850843045394816,0.19176984080519466,True
KarlssonFH_2013,s__Akkermansia_muciniphila,k__Bacteria|p__Verrucomicrobia|c__Verrucomicrobiae|o__Verrucomicrobiales|f__Akkermansiaceae|g__Akkermansia|s__Akkermansia_muciniphila,119,0.48131590711506805,5.409708120878886,0.5883521118657145,1.3942158999694333e-06,True
KarlssonFH_2013,s__Dorea_longicatena,k__Bacteria|p__Firmicutes|c__Clostridia|o__Clostridiales|f__Lachnospiraceae|g__Dorea|s__Dorea_longicatena,136,1.5258794980664803,1.4430652963030144,0.7661522386052053,0.018729287775619885,True
KarlssonFH_2013,s__Alistipes_putredinis,k__Bacteria|p__Bacteroidetes|c__Bacteroidia|o__Bacteroidales|f__Rikenellaceae|g__Alistipes|s__Alistipes_putredinis,127,1.1308883361991753,1.9953589728941654,0.5601142903223255,0.18956777745704578,True
KarlssonFH_2013,s__Ruminococcus_bicirculans,k__Bacteria|p__Firmicutes|c__Clostridia|o__Clostridiales|f__Ruminococcaceae|g__Ruminococcus|s__Ruminococcus_bicirculans,108,0.5488617359000061,4.44210419318191,0.38332869024906735,0.0008394614446971538,True
KarlssonFH_2013,s__Coprococcus_eutactus,k__Bacteria|p__Firmicutes|c__Clostridia|o__Clostridiales|f__Lachnospiraceae|g__Coprococcus|s__Coprococcus_eutactus,64,0.4003749488249408,9.827035676925714,0.658536935615009,0.0013320347856116133,True
KarlssonFH_2013,s__Eubacterium_sp_CAG_180,k__Bacteria|p__Firmicutes|c__Clostridia|o__Clostridiales|f__Eubacteriaceae|g__Eubacterium|s__Eubacterium_sp_CAG_180,48,0.5221707960638151,9.395648247628953,0.1768374733037945,0.07101204740726053,True
KarlssonFH_2013,s__Blautia_obeum,k__Bacteria|p__Firmicutes|c__Clostridia|o__Clostridiales|f__Lachnospiraceae|g__Blautia|s__Blautia_obeum,143,0.856615152095288,1.7143157899167385,0.7671337120822508,0.5007568952447148,True
KarlssonFH_2013,s__Escherichia_coli,k__Bacteria|p__Proteobacteria|c__Gammaproteobacteria|o__Enterobacterales|f__Enterobacteriaceae|g__Escherichia|s__Escherichia_coli,98,0.2908332974388071,7.319407253863947,4.243262062873203e-06,2.7231885163294965e-29,True
KarlssonFH_2013,s__Eubacterium_eligens,k__Bacteria|p__Firmicutes|c__Clostridia|o__Clostridiales|f__Eubacteriaceae|g__Eubacterium|s__Eubacterium_eligens,131,0.613284582392085,2.595656366128299,0.9553552683908256,0.016950087386915613,True
KarlssonFH_2013,s__Methanobrevibacter_smithii,k__Archaea|p__Euryarchaeota|c__Methanobacteria|o__Methanobacteriales|f__Methanobacteriaceae|g__Methanobrevibacter|s__Methanobrevibacter_smithii,74,0.6403181847957935,4.378892441347199,0.9341400438161714,0.07215892868813922,True
KarlssonFH_2013,s__Bacteroides_dorei,k__Bacteria|p__Bacteroidetes|c__Bacteroidia|o__Bacteroidales|f__Bacteroidaceae|g__Bacteroides|s__Bacteroides_dorei,98,0.5572799420204062,3.5776340096525168,0.7817682781401039,0.003370962835013036,True
KarlssonFH_2013,s__Coprococcus_comes,k__Bacteria|p__Firmicutes|c__Clostridia|o__Clostridiales|f__Lachnospiraceae|g__Coprococcus|s__Coprococcus_comes,132,1.6690539245770595,0.8821214890983335,0.1668283810835839,0.0007201289266164368,True
KarlssonFH_2013,s__Bifidobacterium_longum,k__Bacteria|p__Actinobacteria|c__Actinobacteria|o__Bifidobacteriales|f__Bifidobacteriaceae|g__Bifidobacterium|s__Bifidobacterium_longum,126,1.1425978799254761,1.3114468833682436,0.8412665428342629,0.4479443151387923,True
KarlssonFH_2013,s__Butyrivibrio_crossotus,k__Bacteria|p__Firmicutes|c__Clostridia|o__Clostridiales|f__Lachnospiraceae|g__Butyrivibrio|s__Butyrivibrio_crossotus,29,0.5165063228288959,11.736082254434015,0.8893232968331254,0.062069197192611614,True
KarlssonFH_2013,s__Ruminococcus_torques,k__Bacteria|p__Firmicutes|c__Clostridia|o__Clostridiales|f__Lachnospiraceae|g__Blautia|s__Ruminococcus_torques,118,1.0252278234768553,1.4167973707734183,0.7459902432896796,0.8008543860324484,False
KarlssonFH_2013,s__Eubacterium_siraeum,k__Bacteria|p__Firmicutes|c__Clostridia|o__Clostridiales|f__Ruminococcaceae|g__Ruminococcaceae_unclassified|s__Eubacterium_siraeum,117,0.41228414347226067,3.0089599985063757,0.010573045911950185,1.3930805023480716e-13,True
KarlssonFH_2013,s__Roseburia_intestinalis,k__Bacteria|p__Firmicutes|c__Clostridia|o__Clostridiales|f__Lachnospiraceae|g__Roseburia|s__Roseburia_intestinalis,125,0.4820548684082059,2.310097362313131,0.15217721510651627,2.243308033232133e-07,True
KarlssonFH_2013,s__Blautia_wexlerae,k__Bacteria|p__Firmicutes|c__Clostridia|o__Clostridiales|f__Lachnospiraceae|g__Blautia|s__Blautia_wexlerae,145,0.537851049811955,1.5373800024466975,0.017866012616386318,7.241863651863656e-07,True
KarlssonFH_2013,s__Roseburia_inulinivorans,k__Bacteria|p__Firmicutes|c__Clostridia|o__Clostridiales|f__Lachnospiraceae|g__Roseburia|s__Roseburia_inulinivorans,136,0.6773648973089909,1.244601674287156,0.3706232401734014,0.027553074467061234,True
LifeLinesDeep_2016,s__Bifidobacterium_adolescentis,k__Bacteria|p__Actinobacteria|c__Actinobacteria|o__Bifidobacteriales|f__Bifidobacteriaceae|g__Bifidobacterium|s__Bifidobacterium_adolescentis,1053,0.5028698149644242,18.890471581377362,5.486928718896794e-09,3.9540846448665525e-16,True
LifeLinesDeep_2016,s__Ruminococcus_bromii,k__Bacteria|p__Firmicutes|c__Clostridia|o__Clostridiales|f__Ruminococcaceae|g__Ruminococcus|s__Ruminococcus_bromii,923,0.47121726139067566,18.440596470587085,6.187102954060149e-26,4.7450508093653206e-21,False
LifeLinesDeep_2016,s__Collinsella_aerofaciens,k__Bacteria|p__Actinobacteria|c__Coriobacteriia|o__Coriobacteriales|f__Coriobacteriaceae|g__Collinsella|s__Collinsella_aerofaciens,1118,0.8478002911895013,8.412080727354812,2.2149246942634823e-31,1.0426026420364682e-21,False
LifeLinesDeep_2016,s__Faecalibacterium_prausnitzii,k__Bacteria|p__Firmicutes|c__Clostridia|o__Clostridiales|f__Ruminococcaceae|g__Faecalibacterium|s__Faecalibacterium_prausnitzii,1133,1.7057019145586716,3.8044802416758277,4.397374410389249e-12,2.755324171249295e-32,True
LifeLinesDeep_2016,s__Bifidobacterium_longum,k__Bacteria|p__Actinobacteria|c__Actinobacteria|o__Bifidobacteriales|f__Bifidobacteriaceae|g__Bifidobacterium|s__Bifidobacterium_longum,1068,0.7119460570480269,6.99912855240279,1.2624606528477477e-05,0.0015860682645915892,False
LifeLinesDeep_2016,s__Fusicatenibacter_saccharivorans,k__Bacteria|p__Firmicutes|c__Clostridia|o__Clostridiales|f__Lachnospiraceae|g__Fusicatenibacter|s__Fusicatenibacter_saccharivorans,1114,1.273241878396656,3.4039134904365853,0.0001152100163137437,1.6056755317937876e-13,True
LifeLinesDeep_2016,s__Eubacterium_rectale,k__Bacteria|p__Firmicutes|c__Clostridia|o__Clostridiales|f__Lachnospiraceae|g__Lachnospiraceae_unclassified|s__Eubacterium_rectale,1090,0.4590037076314088,9.511684895873316,0.15553141725250308,7.754416413652529e-44,True
LifeLinesDeep_2016,s__Dorea_longicatena,k__Bacteria|p__Firmicutes|c__Clostridia|o__Clostridiales|f__Lachnospiraceae|g__Dorea|s__Dorea_longicatena,1095,1.7554310201094028,1.9321363958648634,3.8445492453385015e-06,3.0967393577806994e-33,True
LifeLinesDeep_2016,s__Anaerostipes_hadrus,k__Bacteria|p__Firmicutes|c__Clostridia|o__Clostridiales|f__Lachnospiraceae|g__Anaerostipes|s__Anaerostipes_hadrus,1118,1.0124065941584177,3.14525228168365,0.27850487302137716,0.32904704546637875,False
LifeLinesDeep_2016,s__Roseburia_faecis,k__Bacteria|p__Firmicutes|c__Clostridia|o__Clostridiales|f__Lachnospiraceae|g__Roseburia|s__Roseburia_faecis,961,0.6009971270715899,5.337429684527341,0.9118446358877316,5.017931490139848e-15,True
LifeLinesDeep_2016,s__Eubacterium_hallii,k__Bacteria|p__Firmicutes|c__Clostridia|o__Clostridiales|f__Eubacteriaceae|g__Eubacterium|s__Eubacterium_hallii,1122,1.7065516541155414,1.522594200039352,0.0021423445499741483,1.2553526224503646e-23,True
LifeLinesDeep_2016,s__Ruminococcus_torques,k__Bacteria|p__Firmicutes|c__Clostridia|o__Clostridiales|f__Lachnospiraceae|g__Blautia|s__Ruminococcus_torques,1034,1.0723737697422315,2.369192618309811,0.021947270145066273,0.0007204513666285062,True
LifeLinesDeep_2016,s__Akkermansia_muciniphila,k__Bacteria|p__Verrucomicrobia|c__Verrucomicrobiae|o__Verrucomicrobiales|f__Akkermansiaceae|g__Akkermansia|s__Akkermansia_muciniphila,750,0.40853574989538227,7.998940151921011,0.13390482283524252,8.76828867231239e-37,True
LifeLinesDeep_2016,s__Coprococcus_comes,k__Bacteria|p__Firmicutes|c__Clostridia|o__Clostridiales|f__Lachnospiraceae|g__Coprococcus|s__Coprococcus_comes,1064,1.535331911714983,1.4831238451088535,0.0001265223799098145,5.476029239015459e-22,True
LifeLinesDeep_2016,s__Prevotella_copri,k__Bacteria|p__Bacteroidetes|c__Bacteroidia|o__Bacteroidales|f__Prevotellaceae|g__Prevotella|s__Prevotella_copri,459,0.3567763729863628,12.969429856185338,0.1289820315809751,6.933129221083635e-34,True
LifeLinesDeep_2016,s__Methanobrevibacter_smithii,k__Archaea|p__Euryarchaeota|c__Methanobacteria|o__Methanobacteriales|f__Methanobacteriaceae|g__Methanobrevibacter|s__Methanobrevibacter_smithii,587,0.5268747753455738,6.531276596057238,0.9453239456273547,1.5349892768731377e-11,True
LifeLinesDeep_2016,s__Blautia_obeum,k__Bacteria|p__Firmicutes|c__Clostridia|o__Clostridiales|f__Lachnospiraceae|g__Blautia|s__Blautia_obeum,1097,1.0842287563488386,1.6693411888026872,0.020992756764217885,0.0005158874110482601,True
LifeLinesDeep_2016,s__Bacteroides_uniformis,k__Bacteria|p__Bacteroidetes|c__Bacteroidia|o__Bacteroidales|f__Bacteroidaceae|g__Bacteroides|s__Bacteroides_uniformis,1057,0.6596670688485204,2.5450489143822974,0.12486938649268342,2.6466366362845576e-15,True
LifeLinesDeep_2016,s__Blautia_wexlerae,k__Bacteria|p__Firmicutes|c__Clostridia|o__Clostridiales|f__Lachnospiraceae|g__Blautia|s__Blautia_wexlerae,1119,0.53832963167328,2.681586961305806,2.5390444909178723e-16,9.397396631655996e-54,True
LifeLinesDeep_2016,s__Coprococcus_eutactus,k__Bacteria|p__Firmicutes|c__Clostridia|o__Clostridiales|f__Lachnospiraceae|g__Coprococcus|s__Coprococcus_eutactus,563,0.39544768418493215,6.290560730698499,0.044499862852781624,2.1072172765943595e-25,True
LifeLinesDeep_2016,s__Alistipes_putredinis,k__Bacteria|p__Bacteroidetes|c__Bacteroidia|o__Bacteroidales|f__Rikenellaceae|g__Alistipes|s__Alistipes_putredinis,941,0.7616208455670065,1.783400790247735,0.16059916160730692,0.0008059724927310123,True
LifeLinesDeep_2016,s__Ruminococcus_bicirculans,k__Bacteria|p__Firmicutes|c__Clostridia|o__Clostridiales|f__Ruminococcaceae|g__Ruminococcus|s__Ruminococcus_bicirculans,848,0.5413716088170153,2.6672401908235486,0.12371849576393268,3.4504785587869877e-25,True
LifeLinesDeep_2016,s__Dorea_formicigenerans,k__Bacteria|p__Firmicutes|c__Clostridia|o__Clostridiales|f__Lachnospiraceae|g__Dorea|s__Dorea_formicigenerans,1101,2.027746833208119,0.5129122518333672,0.0864818437877174,3.3421394474704294e-30,True
LifeLinesDeep_2016,s__Bacteroides_vulgatus,k__Bacteria|p__Bacteroidetes|c__Bacteroidia|o__Bacteroidales|f__Bacteroidaceae|g__Bacteroides|s__Bacteroides_vulgatus,954,0.6093635086094822,1.951579534053432,0.3827321985179317,2.140867449071556e-17,True
LifeLinesDeep_2016,s__Streptococcus_thermophilus,k__Bacteria|p__Firmicutes|c__Bacilli|o__Lactobacillales|f__Streptococcaceae|g__Streptococcus|s__Streptococcus_thermophilus,820,0.4269918624410923,3.144725664363057,0.00022506770261305313,3.701044458945737e-53,True
LifeLinesDeep_2016,s__Bifidobacterium_bifidum,k__Bacteria|p__Actinobacteria|c__Actinobacteria|o__Bifidobacteriales|f__Bifidobacteriaceae|g__Bifidobacterium|s__Bifidobacterium_bifidum,356,0.6784006753130613,4.241240709953575,0.0066500973885047525,0.0457165087521435,False
LifeLinesDeep_2016,s__Eubacterium_sp_CAG_180,k__Bacteria|p__Firmicutes|c__Clostridia|o__Clostridiales|f__Eubacteriaceae|g__Eubacterium|s__Eubacterium_sp_CAG_180,310,0.9391799194510099,3.4037595424440683,0.0380783625332306,0.07144314936965857,False
LifeLinesDeep_2016,s__Coprococcus_catus,k__Bacteria|p__Firmicutes|c__Clostridia|o__Clostridiales|f__Lachnospiraceae|g__Coprococcus|s__Coprococcus_catus,1031,1.4614351670251198,0.5085605773611186,0.0003164076768237044,3.949342012369759e-18,True
LifeLinesDeep_2016,s__Streptococcus_salivarius,k__Bacteria|p__Firmicutes|c__Bacilli|o__Lactobacillales|f__Streptococcaceae|g__Streptococcus|s__Streptococcus_salivarius,1055,0.48897615480950946,1.4778569243116741,6.626998704180084e-13,6.409628883473091e-57,True
LifeLinesDeep_2016,s__Ruminococcus_lactaris,k__Bacteria|p__Firmicutes|c__Clostridia|o__Clostridiales|f__Ruminococcaceae|g__Ruminococcus|s__Ruminococcus_lactaris,653,0.7294676591321859,1.4912362152038834,0.7700768426258955,0.00018547575320081551,True
NielsenHB_2014,s__Bacteroides_vulgatus,k__Bacteria|p__Bacteroidetes|c__Bacteroidia|o__Bacteroidales|f__Bacteroidaceae|g__Bacteroides|s__Bacteroides_vulgatus,364,0.6892445196972383,12.737784379888273,0.3849051390469085,0.05843913030662817,True
NielsenHB_2014,s__Prevotella_copri,k__Bacteria|p__Bacteroidetes|c__Bacteroidia|o__Bacteroidales|f__Prevotellaceae|g__Prevotella|s__Prevotella_copri,168,0.27542925922600353,64.33337690785612,0.0058603855206272055,5.122677518938038e-16,True
NielsenHB_2014,s__Bacteroides_uniformis,k__Bacteria|p__Bacteroidetes|c__Bacteroidia|o__Bacteroidales|f__Bacteroidaceae|g__Bacteroides|s__Bacteroides_uniformis,383,0.9313506931581609,7.010172490121467,0.09844305791392527,0.1682061728461055,False
NielsenHB_2014,s__Faecalibacterium_prausnitzii,k__Bacteria|p__Firmicutes|c__Clostridia|o__Clostridiales|f__Ruminococcaceae|g__Faecalibacterium|s__Faecalibacterium_prausnitzii,383,1.461737642219458,2.7527708506817232,0.11868121163819312,1.1052025657350068e-06,True
NielsenHB_2014,s__Bacteroides_dorei,k__Bacteria|p__Bacteroidetes|c__Bacteroidia|o__Bacteroidales|f__Bacteroidaceae|g__Bacteroides|s__Bacteroides_dorei,302,0.48570965997178545,9.775713561491845,0.8482962432714037,6.247662382380779e-10,True
NielsenHB_2014,s__Roseburia_faecis,k__Bacteria|p__Firmicutes|c__Clostridia|o__Clostridiales|f__Lachnospiraceae|g__Roseburia|s__Roseburia_faecis,341,0.6639218379865616,6.261155885116849,0.9493266100388833,0.0018705614807829735,True
NielsenHB_2014,s__Eubacterium_eligens,k__Bacteria|p__Firmicutes|c__Clostridia|o__Clostridiales|f__Eubacteriaceae|g__Eubacterium|s__Eubacterium_eligens,339,0.7541154635451637,4.5806405714935,0.6812462941876727,0.008727314923174521,True
NielsenHB_2014,s__Eubacterium_rectale,k__Bacteria|p__Firmicutes|c__Clostridia|o__Clostridiales|f__Lachnospiraceae|g__Lachnospiraceae_unclassified|s__Eubacterium_rectale,361,0.5077786267116943,6.335920834025344,0.620445345435265,8.715037543472579e-13,True
NielsenHB_2014,s__Butyrivibrio_crossotus,k__Bacteria|p__Firmicutes|c__Clostridia|o__Clostridiales|f__Lachnospiraceae|g__Butyrivibrio|s__Butyrivibrio_crossotus,90,0.4608064713496484,26.38244295666556,0.04197887522295041,0.009105863737403963,True
NielsenHB_2014,s__Ruminococcus_bromii,k__Bacteria|p__Firmicutes|c__Clostridia|o__Clostridiales|f__Ruminococcaceae|g__Ruminococcus|s__Ruminococcus_bromii,253,0.671699694652189,6.148180770550245,0.013436935721317749,0.05348396545687162,False
NielsenHB_2014,s__Anaerostipes_hadrus,k__Bacteria|p__Firmicutes|c__Clostridia|o__Clostridiales|f__Lachnospiraceae|g__Anaerostipes|s__Anaerostipes_hadrus,384,0.8082082026516698,2.462222584544839,0.15990111524007167,0.0033342458139409385,True
NielsenHB_2014,s__Alistipes_putredinis,k__Bacteria|p__Bacteroidetes|c__Bacteroidia|o__Bacteroidales|f__Rikenellaceae|g__Alistipes|s__Alistipes_putredinis,332,0.683687114528522,3.1175893436582856,8.814227529417711e-05,0.00023903962846938108,False
NielsenHB_2014,s__Lachnospira_pectinoschiza,k__Bacteria|p__Firmicutes|c__Clostridia|o__Clostridiales|f__Lachnospiraceae|g__Lachnospira|s__Lachnospira_pectinoschiza,262,0.6643285246488053,4.05860866089132,0.3815469314247195,0.1194597606790676,True
NielsenHB_2014,s__Bacteroides_plebeius,k__Bacteria|p__Bacteroidetes|c__Bacteroidia|o__Bacteroidales|f__Bacteroidaceae|g__Bacteroides|s__Bacteroides_plebeius,136,0.4305013816028855,11.986398814301536,0.513068990229749,6.609293308648462e-06,True
NielsenHB_2014,s__Barnesiella_intestinihominis,k__Bacteria|p__Bacteroidetes|c__Bacteroidia|o__Bacteroidales|f__Barnesiellaceae|g__Barnesiella|s__Barnesiella_intestinihominis,331,0.8138183294414408,2.3023418596731413,0.8032314761328183,0.14896773366720473,True
NielsenHB_2014,s__Parabacteroides_distasonis,k__Bacteria|p__Bacteroidetes|c__Bacteroidia|o__Bacteroidales|f__Tannerellaceae|g__Parabacteroides|s__Parabacteroides_distasonis,362,0.9502891652872132,1.7730190293934676,0.2778194019210495,0.5026838578318598,False
NielsenHB_2014,s__Bacteroides_stercoris,k__Bacteria|p__Bacteroidetes|c__Bacteroidia|o__Bacteroidales|f__Bacteroidaceae|g__Bacteroides|s__Bacteroides_stercoris,182,0.4125164004169206,7.749229430729099,0.46864086292283147,8.942274085310606e-10,True
NielsenHB_2014,s__Eubacterium_sp_CAG_180,k__Bacteria|p__Firmicutes|c__Clostridia|o__Clostridiales|f__Eubacteriaceae|g__Eubacterium|s__Eubacterium_sp_CAG_180,150,0.4399163234959997,8.383771343961516,0.02420542042942353,0.00012732778701202475,True
NielsenHB_2014,s__Bacteroides_caccae,k__Bacteria|p__Bacteroidetes|c__Bacteroidia|o__Bacteroidales|f__Bacteroidaceae|g__Bacteroides|s__Bacteroides_caccae,298,0.8261903043616858,2.05320844009524,0.43348354585927706,0.12658138185034296,True
NielsenHB_2014,s__Coprococcus_eutactus,k__Bacteria|p__Firmicutes|c__Clostridia|o__Clostridiales|f__Lachnospiraceae|g__Coprococcus|s__Coprococcus_eutactus,161,0.49211931990407454,5.734310470668304,0.1835333500278391,0.00037802412513108797,True
NielsenHB_2014,s__Bacteroides_eggerthii,k__Bacteria|p__Bacteroidetes|c__Bacteroidia|o__Bacteroidales|f__Bacteroidaceae|g__Bacteroides|s__Bacteroides_eggerthii,152,0.3476497904898112,8.474373043651347,0.01881718896943186,3.762264587914167e-20,True
NielsenHB_2014,s__Eubacterium_siraeum,k__Bacteria|p__Firmicutes|c__Clostridia|o__Clostridiales|f__Ruminococcaceae|g__Ruminococcaceae_unclassified|s__Eubacterium_siraeum,284,0.37816016724716145,4.0407961127330685,0.003739121317687473,1.4332359983926138e-29,True
NielsenHB_2014,s__Eubacterium_hallii,k__Bacteria|p__Firmicutes|c__Clostridia|o__Clostridiales|f__Eubacteriaceae|g__Eubacterium|s__Eubacterium_hallii,376,0.8784188485608794,1.2901747630346858,0.027286701285482273,0.002911052577613857,True
NielsenHB_2014,s__Roseburia_inulinivorans,k__Bacteria|p__Firmicutes|c__Clostridia|o__Clostridiales|f__Lachnospiraceae|g__Roseburia|s__Roseburia_inulinivorans,358,0.7784735688781227,1.5256832417880548,0.7625172052619618,0.03518929808187399,True
NielsenHB_2014,s__Coprococcus_comes,k__Bacteria|p__Firmicutes|c__Clostridia|o__Clostridiales|f__Lachnospiraceae|g__Coprococcus|s__Coprococcus_comes,368,0.9845416057518068,1.1494038343610689,0.13702555420623408,0.13512621304304795,True
NielsenHB_2014,s__Bacteroides_ovatus,k__Bacteria|p__Bacteroidetes|c__Bacteroidia|o__Bacteroidales|f__Bacteroidaceae|g__Bacteroides|s__Bacteroides_ovatus,331,0.48582097168920285,2.531269434827438,0.03142683234030652,2.1268063446161063e-17,True
NielsenHB_2014,s__Parabacteroides_merdae,k__Bacteria|p__Bacteroidetes|c__Bacteroidia|o__Bacteroidales|f__Tannerellaceae|g__Parabacteroides|s__Parabacteroides_merdae,280,0.9562788277624465,1.5183512015425975,0.6479243626218072,0.600937766447315,True
NielsenHB_2014,s__Dorea_longicatena,k__Bacteria|p__Firmicutes|c__Clostridia|o__Clostridiales|f__Lachnospiraceae|g__Dorea|s__Dorea_longicatena,365,1.1677864047124609,0.8981416803647986,0.11962725938911867,0.05926675766022149,True
NielsenHB_2014,s__Roseburia_intestinalis,k__Bacteria|p__Firmicutes|c__Clostridia|o__Clostridiales|f__Lachnospiraceae|g__Roseburia|s__Roseburia_intestinalis,316,0.5156835971571119,2.3340993336648914,0.4544776213422205,3.768260163998499e-11,True
NielsenHB_2014,s__Fusicatenibacter_saccharivorans,k__Bacteria|p__Firmicutes|c__Clostridia|o__Clostridiales|f__Lachnospiraceae|g__Fusicatenibacter|s__Fusicatenibacter_saccharivorans,356,1.060926447548008,0.9219945994530566,0.8629206555995804,0.7838378361895875,True
QinJ_2012,s__Bacteroides_vulgatus,k__Bacteria|p__Bacteroidetes|c__Bacteroidia|o__Bacteroidales|f__Bacteroidaceae|g__Bacteroides|s__Bacteroides_vulgatus,355,0.46209972676638705,21.128221800621375,8.599728565055285e-05,4.086770083745931e-08,True
QinJ_2012,s__Prevotella_copri,k__Bacteria|p__Bacteroidetes|c__Bacteroidia|o__Bacteroidales|f__Prevotellaceae|g__Prevotella|s__Prevotella_copri,270,0.1759559493466342,72.1191913367976,1.345639017598228e-20,2.864289046626732e-97,True
QinJ_2012,s__Bacteroides_uniformis,k__Bacteria|p__Bacteroidetes|c__Bacteroidia|o__Bacteroidales|f__Bacteroidaceae|g__Bacteroides|s__Bacteroides_uniformis,359,0.6562112370073447,10.694148418001635,0.09839575609210771,6.371555975203659e-05,True
QinJ_2012,s__Bacteroides_stercoris,k__Bacteria|p__Bacteroidetes|c__Bacteroidia|o__Bacteroidales|f__Bacteroidaceae|g__Bacteroides|s__Bacteroides_stercoris,315,0.3215633355813554,18.212301283100356,0.07833635566092689,1.8237628187896818e-24,True
QinJ_2012,s__Faecalibacterium_prausnitzii,k__Bacteria|p__Firmicutes|c__Clostridia|o__Clostridiales|f__Ruminococcaceae|g__Faecalibacterium|s__Faecalibacterium_prausnitzii,342,0.7709860773492994,5.719330075076524,0.0014559579678546217,0.17792217638624463,False
QinJ_2012,s__Bacteroides_dorei,k__Bacteria|p__Bacteroidetes|c__Bacteroidia|o__Bacteroidales|f__Bacteroidaceae|g__Bacteroides|s__Bacteroides_dorei,250,0.2534593613145713,18.781940013222634,0.0003433852892681802,1.6676700735620995e-38,True
QinJ_2012,s__Bacteroides_plebeius,k__Bacteria|p__Bacteroidetes|c__Bacteroidia|o__Bacteroidales|f__Bacteroidaceae|g__Bacteroides|s__Bacteroides_plebeius,210,0.241770440105502,23.02623000345058,6.086591469887638e-05,4.77070762467989e-29,True
QinJ_2012,s__Escherichia_coli,k__Bacteria|p__Proteobacteria|c__Gammaproteobacteria|o__Enterobacterales|f__Enterobacteriaceae|g__Escherichia|s__Escherichia_coli,353,0.37068238095533584,8.433739811112746,5.570342057767242e-06,1.1099389917023145e-43,True
QinJ_2012,s__Alistipes_putredinis,k__Bacteria|p__Bacteroidetes|c__Bacteroidia|o__Bacteroidales|f__Rikenellaceae|g__Alistipes|s__Alistipes_putredinis,255,0.4589273584257442,8.419971619448711,0.017635293937676273,1.4314509525687214e-08,True
QinJ_2012,s__Bacteroides_thetaiotaomicron,k__Bacteria|p__Bacteroidetes|c__Bacteroidia|o__Bacteroidales|f__Bacteroidaceae|g__Bacteroides|s__Bacteroides_thetaiotaomicron,355,0.5115838871581306,4.596015590303354,9.94761168931186e-05,5.6796953839755965e-14,True
QinJ_2012,s__Parabacteroides_distasonis,k__Bacteria|p__Bacteroidetes|c__Bacteroidia|o__Bacteroidales|f__Tannerellaceae|g__Parabacteroides|s__Parabacteroides_distasonis,354,0.7087970106389239,2.8044869653291515,0.08224273737721155,3.1363257541695304e-05,True
QinJ_2012,s__Eubacterium_eligens,k__Bacteria|p__Firmicutes|c__Clostridia|o__Clostridiales|f__Eubacteriaceae|g__Eubacterium|s__Eubacterium_eligens,248,0.5542966058206985,5.064679828867258,0.8690508766873839,1.2571193452614943e-06,True
QinJ_2012,s__Eubacterium_rectale,k__Bacteria|p__Firmicutes|c__Clostridia|o__Clostridiales|f__Lachnospiraceae|g__Lachnospiraceae_unclassified|s__Eubacterium_rectale,224,0.3765320292588139,7.085064478069752,0.24223465232293717,2.930824074928697e-11,True
QinJ_2012,s__Lachnospira_pectinoschiza,k__Bacteria|p__Firmicutes|c__Clostridia|o__Clostridiales|f__Lachnospiraceae|g__Lachnospira|s__Lachnospira_pectinoschiza,189,0.3150626279807258,10.007691644794253,0.07064613892532456,3.1204890558222967e-13,True
QinJ_2012,s__Prevotella_stercorea,k__Bacteria|p__Bacteroidetes|c__Bacteroidia|o__Bacteroidales|f__Prevotellaceae|g__Prevotella|s__Prevotella_stercorea,92,0.1886947944388595,33.10364183537835,0.00011060417572339413,3.359324426096648e-26,True
QinJ_2012,s__Ruminococcus_bromii,k__Bacteria|p__Firmicutes|c__Clostridia|o__Clostridiales|f__Ruminococcaceae|g__Ruminococcus|s__Ruminococcus_bromii,220,0.5768636611911571,4.503104053296037,0.5390228846297963,0.00019728210777512342,True
QinJ_2012,s__Roseburia_faecis,k__Bacteria|p__Firmicutes|c__Clostridia|o__Clostridiales|f__Lachnospiraceae|g__Roseburia|s__Roseburia_faecis,263,0.4669516555336555,4.362626253038249,0.9327731375812729,2.702695385371714e-09,True
QinJ_2012,s__Bacteroides_fragilis,k__Bacteria|p__Bacteroidetes|c__Bacteroidia|o__Bacteroidales|f__Bacteroidaceae|g__Bacteroides|s__Bacteroides_fragilis,255,0.319688958885933,6.257611954919528,0.009939518257846183,1.2350298259536797e-33,True
QinJ_2012,s__Roseburia_inulinivorans,k__Bacteria|p__Firmicutes|c__Clostridia|o__Clostridiales|f__Lachnospiraceae|g__Roseburia|s__Roseburia_inulinivorans,280,0.4537600545057015,3.8820513263281042,0.8308982967469162,2.370948522262925e-10,True
QinJ_2012,s__Bacteroides_caccae,k__Bacteria|p__Bacteroidetes|c__Bacteroidia|o__Bacteroidales|f__Bacteroidaceae|g__Bacteroides|s__Bacteroides_caccae,267,0.46511893821903566,3.6233862826086294,0.38828418212059657,6.392188134543665e-08,True
QinJ_2012,s__Bacteroides_ovatus,k__Bacteria|p__Bacteroidetes|c__Bacteroidia|o__Bacteroidales|f__Bacteroidaceae|g__Bacteroides|s__Bacteroides_ovatus,339,0.41310879073771767,3.207304023619489,0.0040815210785177525,3.351628394570084e-24,True
QinJ_2012,s__Eubacterium_sp_CAG_38,k__Bacteria|p__Firmicutes|c__Clostridia|o__Clostridiales|f__Eubacteriaceae|g__Eubacterium|s__Eubacterium_sp_CAG_38,230,0.3708340938372536,5.174300868773793,0.07424640941734839,5.799173024692275e-18,True
QinJ_2012,s__Bacteroides_eggerthii,k__Bacteria|p__Bacteroidetes|c__Bacteroidia|o__Bacteroidales|f__Bacteroidaceae|g__Bacteroides|s__Bacteroides_eggerthii,130,0.25306696760113295,12.163759649906156,0.01805452818952369,1.7345254020914361e-23,True
QinJ_2012,s__Dialister_sp_CAG_357,k__Bacteria|p__Firmicutes|c__Negativicutes|o__Veillonellales|f__Veillonellaceae|g__Dialister|s__Dialister_sp_CAG_357,127,0.4252665597342015,6.845860796369596,0.16253466201472755,0.00013187775592804723,True
QinJ_2012,s__Bifidobacterium_pseudocatenulatum,k__Bacteria|p__Actinobacteria|c__Actinobacteria|o__Bifidobacteriales|f__Bifidobacteriaceae|g__Bifidobacterium|s__Bifidobacterium_pseudocatenulatum,208,0.30385703130298425,5.564719458242065,0.0001673477442816927,4.818756316601486e-35,True
QinJ_2012,s__Eubacterium_sp_CAG_180,k__Bacteria|p__Firmicutes|c__Clostridia|o__Clostridiales|f__Eubacteriaceae|g__Eubacterium|s__Eubacterium_sp_CAG_180,131,0.3260126149347275,7.856022982216898,0.26786511938094637,2.380631231836417e-13,True
QinJ_2012,s__Bacteroides_xylanisolvens,k__Bacteria|p__Bacteroidetes|c__Bacteroidia|o__Bacteroidales|f__Bacteroidaceae|g__Bacteroides|s__Bacteroides_xylanisolvens,334,0.47911932489770037,2.067866664428664,0.13424933132094663,7.890406059058005e-14,True
QinJ_2012,s__Ruminococcus_gnavus,k__Bacteria|p__Firmicutes|c__Clostridia|o__Clostridiales|f__Lachnospiraceae|g__Blautia|s__Ruminococcus_gnavus,278,0.3643205367779213,2.7242112780287835,0.00020561957751920196,1.4254590881774241e-31,True
QinJ_2012,s__Parabacteroides_merdae,k__Bacteria|p__Bacteroidetes|c__Bacteroidia|o__Bacteroidales|f__Tannerellaceae|g__Parabacteroides|s__Parabacteroides_merdae,251,0.5522777930261701,1.9780126666576963,0.7108279012434396,0.0001996743369251647,True
QinJ_2012,s__Klebsiella_pneumoniae,k__Bacteria|p__Proteobacteria|c__Gammaproteobacteria|o__Enterobacterales|f__Enterobacteriaceae|g__Klebsiella|s__Klebsiella_pneumoniae,235,0.355627651791801,3.1727789141497533,0.00023033789955787136,1.0519065434613838e-29,True
VogtmannE_2016,s__Bacteroides_vulgatus,k__Bacteria|p__Bacteroidetes|c__Bacteroidia|o__Bacteroidales|f__Bacteroidaceae|g__Bacteroides|s__Bacteroides_vulgatus,110,0.5351973826337937,18.86869381863995,0.04245564057405404,0.040841511742458425,True
VogtmannE_2016,s__Faecalibacterium_prausnitzii,k__Bacteria|p__Firmicutes|c__Clostridia|o__Clostridiales|f__Ruminococcaceae|g__Faecalibacterium|s__Faecalibacterium_prausnitzii,110,0.7231336252806541,8.939010529900782,0.009208637187708701,0.1270955502810035,False
VogtmannE_2016,s__Bacteroides_uniformis,k__Bacteria|p__Bacteroidetes|c__Bacteroidia|o__Bacteroidales|f__Bacteroidaceae|g__Bacteroides|s__Bacteroides_uniformis,110,0.4822806080346709,12.5372415017582,0.026024174658831556,0.08460343130892833,False
VogtmannE_2016,s__Prevotella_copri,k__Bacteria|p__Bacteroidetes|c__Bacteroidia|o__Bacteroidales|f__Prevotellaceae|g__Prevotella|s__Prevotella_copri,92,0.14720868451860597,37.4336979696746,2.775985414036424e-09,6.747243392427285e-53,True
VogtmannE_2016,s__Alistipes_putredinis,k__Bacteria|p__Bacteroidetes|c__Bacteroidia|o__Bacteroidales|f__Rikenellaceae|g__Alistipes|s__Alistipes_putredinis,103,0.84654126227455,4.209996013933188,0.0006159950609850862,0.004308634338010653,False
VogtmannE_2016,s__Eubacterium_rectale,k__Bacteria|p__Firmicutes|c__Clostridia|o__Clostridiales|f__Lachnospiraceae|g__Lachnospiraceae_unclassified|s__Eubacterium_rectale,107,0.38810315204447154,8.45419642455741,0.2726581762445429,0.00036885599920586385,True
VogtmannE_2016,s__Bacteroides_stercoris,k__Bacteria|p__Bacteroidetes|c__Bacteroidia|o__Bacteroidales|f__Bacteroidaceae|g__Bacteroides|s__Bacteroides_stercoris,85,0.2335745635883363,14.496929579917182,0.02764277915964486,2.3151832219974846e-13,True
VogtmannE_2016,s__Eubacterium_siraeum,k__Bacteria|p__Firmicutes|c__Clostridia|o__Clostridiales|f__Ruminococcaceae|g__Ruminococcaceae_unclassified|s__Eubacterium_siraeum,87,0.3019098357274471,9.55848936511026,0.072671889064851,3.901179759847348e-15,True
VogtmannE_2016,s__Bacteroides_fragilis,k__Bacteria|p__Bacteroidetes|c__Bacteroidia|o__Bacteroidales|f__Bacteroidaceae|g__Bacteroides|s__Bacteroides_fragilis,89,0.3376769837018635,7.7240414275281895,0.035754088728379485,1.234256288823498e-09,True
VogtmannE_2016,s__Parabacteroides_distasonis,k__Bacteria|p__Bacteroidetes|c__Bacteroidia|o__Bacteroidales|f__Tannerellaceae|g__Parabacteroides|s__Parabacteroides_distasonis,102,0.8716292964885716,2.5700220031757577,0.5453283295076339,0.6145310851221217,False
VogtmannE_2016,s__Roseburia_faecis,k__Bacteria|p__Firmicutes|c__Clostridia|o__Clostridiales|f__Lachnospiraceae|g__Roseburia|s__Roseburia_faecis,94,0.3765637890075029,5.773639351698202,0.8971217088194272,0.00010102744506070977,True
VogtmannE_2016,s__Eubacterium_eligens,k__Bacteria|p__Firmicutes|c__Clostridia|o__Clostridiales|f__Eubacteriaceae|g__Eubacterium|s__Eubacterium_eligens,88,0.4825886878470177,4.750532602996474,0.692029378886218,0.04457669136803344,True
VogtmannE_2016,s__Eubacterium_sp_CAG_180,k__Bacteria|p__Firmicutes|c__Clostridia|o__Clostridiales|f__Eubacteriaceae|g__Eubacterium|s__Eubacterium_sp_CAG_180,53,0.22864751342876094,15.34231538994591,0.029803972529462874,4.751299222502427e-10,True
VogtmannE_2016,s__Butyrivibrio_crossotus,k__Bacteria|p__Firmicutes|c__Clostridia|o__Clostridiales|f__Lachnospiraceae|g__Butyrivibrio|s__Butyrivibrio_crossotus,31,0.2106220244405426,27.506036522831117,0.1509456764428242,4.8209052502785875e-08,True
VogtmannE_2016,s__Bacteroides_dorei,k__Bacteria|p__Bacteroidetes|c__Bacteroidia|o__Bacteroidales|f__Bacteroidaceae|g__Bacteroides|s__Bacteroides_dorei,83,0.2192892910229687,9.49414615096359,0.0309243426949658,1.7330830154813275e-18,True
VogtmannE_2016,s__Bacteroides_caccae,k__Bacteria|p__Bacteroidetes|c__Bacteroidia|o__Bacteroidales|f__Bacteroidaceae|g__Bacteroides|s__Bacteroides_caccae,81,0.42420501270575767,4.9940361894182566,0.48230437067050436,0.0044675348738592024,True
VogtmannE_2016,s__Bacteroides_thetaiotaomicron,k__Bacteria|p__Bacteroidetes|c__Bacteroidia|o__Bacteroidales|f__Bacteroidaceae|g__Bacteroides|s__Bacteroides_thetaiotaomicron,95,0.4177336231320592,3.988156975889925,0.43112541863353393,4.211746680895886e-06,True
VogtmannE_2016,s__Ruminococcus_bromii,k__Bacteria|p__Firmicutes|c__Clostridia|o__Clostridiales|f__Ruminococcaceae|g__Ruminococcus|s__Ruminococcus_bromii,70,0.49485585091749507,4.4422174288503875,0.1785395361975961,0.06689774288095418,True
VogtmannE_2016,s__Bacteroides_cellulosilyticus,k__Bacteria|p__Bacteroidetes|c__Bacteroidia|o__Bacteroidales|f__Bacteroidaceae|g__Bacteroides|s__Bacteroides_cellulosilyticus,83,0.2313027970796569,7.844205819798656,0.4452353231811501,1.746852738903606e-15,True
VogtmannE_2016,s__Parabacteroides_merdae,k__Bacteria|p__Bacteroidetes|c__Bacteroidia|o__Bacteroidales|f__Tannerellaceae|g__Parabacteroides|s__Parabacteroides_merdae,83,0.47644212837854355,3.7699780908439475,0.03384760012930754,0.011251817159708022,True
VogtmannE_2016,s__Bacteroides_ovatus,k__Bacteria|p__Bacteroidetes|c__Bacteroidia|o__Bacteroidales|f__Bacteroidaceae|g__Bacteroides|s__Bacteroides_ovatus,96,0.3283170242413438,4.526694712021727,0.14792752835763112,7.023430243287848e-12,True
VogtmannE_2016,s__Ruminococcus_torques,k__Bacteria|p__Firmicutes|c__Clostridia|o__Clostridiales|f__Lachnospiraceae|g__Blautia|s__Ruminococcus_torques,89,0.5959415635215092,2.414850676191355,0.19799870875673453,0.4608940501065588,False
VogtmannE_2016,s__Roseburia_intestinalis,k__Bacteria|p__Firmicutes|c__Clostridia|o__Clostridiales|f__Lachnospiraceae|g__Roseburia|s__Roseburia_intestinalis,91,0.49070950032056404,2.4743080839545786,0.6925775095203197,8.942876828422649e-05,True
VogtmannE_2016,s__Fusicatenibacter_saccharivorans,k__Bacteria|p__Firmicutes|c__Clostridia|o__Clostridiales|f__Lachnospiraceae|g__Fusicatenibacter|s__Fusicatenibacter_saccharivorans,97,1.2599262695512505,0.9004930469184679,0.35802212364886055,0.14081472082005142,True
VogtmannE_2016,s__Escherichia_coli,k__Bacteria|p__Proteobacteria|c__Gammaproteobacteria|o__Enterobacterales|f__Enterobacteriaceae|g__Escherichia|s__Escherichia_coli,81,0.22968550545857658,5.7953392811669096,0.0037045256082338662,1.145902066368425e-22,True
VogtmannE_2016,s__Roseburia_inulinivorans,k__Bacteria|p__Firmicutes|c__Clostridia|o__Clostridiales|f__Lachnospiraceae|g__Roseburia|s__Roseburia_inulinivorans,88,0.4786147607308106,2.486528894347095,0.8071689336668837,0.004900989219112084,True
VogtmannE_2016,s__Barnesiella_intestinihominis,k__Bacteria|p__Bacteroidetes|c__Bacteroidia|o__Bacteroidales|f__Barnesiellaceae|g__Barnesiella|s__Barnesiella_intestinihominis,76,0.5582572380561487,2.3335151283704305,0.09277796774869618,0.06097645420709985,True
VogtmannE_2016,s__Akkermansia_muciniphila,k__Bacteria|p__Verrucomicrobia|c__Verrucomicrobiae|o__Verrucomicrobiales|f__Akkermansiaceae|g__Akkermansia|s__Akkermansia_muciniphila,75,0.37506258531708736,3.4248847622253384,0.4299585450142437,4.944580014544894e-07,True
VogtmannE_2016,s__Anaerostipes_hadrus,k__Bacteria|p__Firmicutes|c__Clostridia|o__Clostridiales|f__Lachnospiraceae|g__Anaerostipes|s__Anaerostipes_hadrus,98,0.6748785296432908,1.4116711211953963,0.7490645459835655,0.02606639406686595,True
VogtmannE_2016,s__Lachnospira_pectinoschiza,k__Bacteria|p__Firmicutes|c__Clostridia|o__Clostridiales|f__Lachnospiraceae|g__Lachnospira|s__Lachnospira_pectinoschiza,62,0.38760368997630223,3.7516570833501706,0.17070778591585556,0.0004340245770164678,True
YachidaS_2019,s__Bacteroides_vulgatus,k__Bacteria|p__Bacteroidetes|c__Bacteroidia|o__Bacteroidales|f__Bacteroidaceae|g__Bacteroides|s__Bacteroides_vulgatus,501,0.6394595327130956,17.14527887238037,0.08166126474360813,0.006241263190502915,True
YachidaS_2019,s__Prevotella_copri,k__Bacteria|p__Bacteroidetes|c__Bacteroidia|o__Bacteroidales|f__Prevotellaceae|g__Prevotella|s__Prevotella_copri,208,0.28110805160410274,82.80434256870083,1.1552438033506921e-05,1.0279705353208155e-14,True
YachidaS_2019,s__Bacteroides_uniformis,k__Bacteria|p__Bacteroidetes|c__Bacteroidia|o__Bacteroidales|f__Bacteroidaceae|g__Bacteroides|s__Bacteroides_uniformis,566,0.8545459690301712,7.720482944870534,0.924156643066044,0.08877850991794367,True
YachidaS_2019,s__Bacteroides_plebeius,k__Bacteria|p__Bacteroidetes|c__Bacteroidia|o__Bacteroidales|f__Bacteroidaceae|g__Bacteroides|s__Bacteroides_plebeius,253,0.5373895061995215,20.059414648867445,0.3807706808408279,6.43450166608973e-05,True
YachidaS_2019,s__Bacteroides_dorei,k__Bacteria|p__Bacteroidetes|c__Bacteroidia|o__Bacteroidales|f__Bacteroidaceae|g__Bacteroides|s__Bacteroides_dorei,403,0.4385286714600049,14.439257847640059,0.480499784172432,3.9353398893063235e-18,True
YachidaS_2019,s__Faecalibacterium_prausnitzii,k__Bacteria|p__Firmicutes|c__Clostridia|o__Clostridiales|f__Ruminococcaceae|g__Faecalibacterium|s__Faecalibacterium_prausnitzii,553,1.0171618470607413,3.9707160464814217,0.04212167604015049,0.027081672902404708,True
YachidaS_2019,s__Bacteroides_stercoris,k__Bacteria|p__Bacteroidetes|c__Bacteroidia|o__Bacteroidales|f__Bacteroidaceae|g__Bacteroides|s__Bacteroides_stercoris,375,0.548155865177691,10.710945066868456,0.3742415754217501,1.5304709834699053e-11,True
YachidaS_2019,s__Parabacteroides_distasonis,k__Bacteria|p__Bacteroidetes|c__Bacteroidia|o__Bacteroidales|f__Tannerellaceae|g__Parabacteroides|s__Parabacteroides_distasonis,522,0.7986355448628224,4.198931226565114,0.057759568584439425,2.950056598813284e-05,True
YachidaS_2019,s__Eubacterium_rectale,k__Bacteria|p__Firmicutes|c__Clostridia|o__Clostridiales|f__Lachnospiraceae|g__Lachnospiraceae_unclassified|s__Eubacterium_rectale,390,0.5905603575741089,6.7586747193295675,0.8342279673736769,1.1231386680269625e-05,True
YachidaS_2019,s__Ruminococcus_gnavus,k__Bacteria|p__Firmicutes|c__Clostridia|o__Clostridiales|f__Lachnospiraceae|g__Blautia|s__Ruminococcus_gnavus,503,0.37970226103500737,6.365522485248649,5.41614351453355e-05,4.3404369668959127e-48,True
YachidaS_2019,s__Alistipes_putredinis,k__Bacteria|p__Bacteroidetes|c__Bacteroidia|o__Bacteroidales|f__Rikenellaceae|g__Alistipes|s__Alistipes_putredinis,387,0.5531472032012046,4.964383703557212,0.0015930570067905266,1.3190887271154e-07,True
YachidaS_2019,s__Escherichia_coli,k__Bacteria|p__Proteobacteria|c__Gammaproteobacteria|o__Enterobacterales|f__Enterobacteriaceae|g__Escherichia|s__Escherichia_coli,361,0.26686656211955934,10.060384902051384,1.9568275002102222e-08,1.9900721440064474e-77,True
YachidaS_2019,s__Bacteroides_thetaiotaomicron,k__Bacteria|p__Bacteroidetes|c__Bacteroidia|o__Bacteroidales|f__Bacteroidaceae|g__Bacteroides|s__Bacteroides_thetaiotaomicron,543,0.6906532176852915,2.563869545581538,0.01125718671247984,4.458987836394869e-07,True
YachidaS_2019,s__Roseburia_inulinivorans,k__Bacteria|p__Firmicutes|c__Clostridia|o__Clostridiales|f__Lachnospiraceae|g__Roseburia|s__Roseburia_inulinivorans,454,0.584531357787846,3.5953383674309407,0.9634552671818334,9.855831834437098e-08,True
YachidaS_2019,s__Eubacterium_eligens,k__Bacteria|p__Firmicutes|c__Clostridia|o__Clostridiales|f__Eubacteriaceae|g__Eubacterium|s__Eubacterium_eligens,327,0.6090094432495716,4.622831708676621,0.6406981334458662,0.0002198345810457144,True
YachidaS_2019,s__Parabacteroides_merdae,k__Bacteria|p__Bacteroidetes|c__Bacteroidia|o__Bacteroidales|f__Tannerellaceae|g__Parabacteroides|s__Parabacteroides_merdae,452,0.935030545437581,1.9278309907921525,0.2000209268342793,0.5720286867256685,False
YachidaS_2019,s__Bacteroides_ovatus,k__Bacteria|p__Bacteroidetes|c__Bacteroidia|o__Bacteroidales|f__Bacteroidaceae|g__Bacteroides|s__Bacteroides_ovatus,485,0.5137071126561342,3.2614291274718625,0.00016927561493786363,6.611605245928028e-24,True
YachidaS_2019,s__Collinsella_aerofaciens,k__Bacteria|p__Actinobacteria|c__Coriobacteriia|o__Coriobacteriales|f__Coriobacteriaceae|g__Collinsella|s__Collinsella_aerofaciens,475,0.9455229444911889,1.7953262788214688,0.3583501056669307,0.18273177090379622,True
YachidaS_2019,s__Eubacterium_sp_CAG_180,k__Bacteria|p__Firmicutes|c__Clostridia|o__Clostridiales|f__Eubacteriaceae|g__Eubacterium|s__Eubacterium_sp_CAG_180,173,0.5093137093840207,8.154485299624783,0.05395417918679124,0.0003880221730578305,True
YachidaS_2019,s__Bifidobacterium_longum,k__Bacteria|p__Actinobacteria|c__Actinobacteria|o__Bifidobacteriales|f__Bifidobacteriaceae|g__Bifidobacterium|s__Bifidobacterium_longum,478,0.45305129919976955,3.280631104525424,0.00018188622964696,3.405306855967293e-26,True
YachidaS_2019,s__Bifidobacterium_adolescentis,k__Bacteria|p__Actinobacteria|c__Actinobacteria|o__Bifidobacteriales|f__Bifidobacteriaceae|g__Bifidobacterium|s__Bifidobacterium_adolescentis,321,0.519991529664746,4.106448450403906,0.03154187253067864,6.721464347354369e-12,True
YachidaS_2019,s__Bacteroides_fragilis,k__Bacteria|p__Bacteroidetes|c__Bacteroidia|o__Bacteroidales|f__Bacteroidaceae|g__Bacteroides|s__Bacteroides_fragilis,282,0.33844390182203865,6.758016485957464,0.0014164948093161583,6.146592515211069e-35,True
YachidaS_2019,s__Lachnospira_pectinoschiza,k__Bacteria|p__Firmicutes|c__Clostridia|o__Clostridiales|f__Lachnospiraceae|g__Lachnospira|s__Lachnospira_pectinoschiza,218,0.6677944731833837,4.422264660270103,0.8285766536400387,0.09257283787608728,True
YachidaS_2019,s__Bacteroides_caccae,k__Bacteria|p__Bacteroidetes|c__Bacteroidia|o__Bacteroidales|f__Bacteroidaceae|g__Bacteroides|s__Bacteroides_caccae,348,0.6748003382913168,2.729630357284379,0.8621259973915246,0.001292303884047471,True
YachidaS_2019,s__Bacteroides_coprocola,k__Bacteria|p__Bacteroidetes|c__Bacteroidia|o__Bacteroidales|f__Bacteroidaceae|g__Bacteroides|s__Bacteroides_coprocola,154,0.7236555551112382,5.3958407453528165,0.9812398236759287,0.07067673929309559,True
YachidaS_2019,s__Ruminococcus_bromii,k__Bacteria|p__Firmicutes|c__Clostridia|o__Clostridiales|f__Ruminococcaceae|g__Ruminococcus|s__Ruminococcus_bromii,279,0.7188474938548205,2.985677879215586,0.7381097315362977,0.12261121401072628,True
YachidaS_2019,s__Anaerostipes_hadrus,k__Bacteria|p__Firmicutes|c__Clostridia|o__Clostridiales|f__Lachnospiraceae|g__Anaerostipes|s__Anaerostipes_hadrus,478,0.6357878840646936,1.8382179071554101,0.01872560208495628,1.3650999155259323e-08,True
YachidaS_2019,s__Ruminococcus_torques,k__Bacteria|p__Firmicutes|c__Clostridia|o__Clostridiales|f__Lachnospiraceae|g__Blautia|s__Ruminococcus_torques,278,0.6965606755105977,2.869924704236433,0.09134436838186977,0.002777524504495261,True
YachidaS_2019,s__Roseburia_faecis,k__Bacteria|p__Firmicutes|c__Clostridia|o__Clostridiales|f__Lachnospiraceae|g__Roseburia|s__Roseburia_faecis,310,0.571810551094325,3.1094289090360263,0.6253488546540238,2.870428251537841e-07,True
YachidaS_2019,s__Phascolarctobacterium_succinatutens,k__Bacteria|p__Firmicutes|c__Negativicutes|o__Acidaminococcales|f__Acidaminococcaceae|g__Phascolarctobacterium|s__Phascolarctobacterium_succinatutens,240,1.9633961083400977,1.1628146032115878,0.14544548812555513,3.0964335399412036e-08,True
ZellerG_2014,s__Bacteroides_vulgatus,k__Bacteria|p__Bacteroidetes|c__Bacteroidia|o__Bacteroidales|f__Bacteroidaceae|g__Bacteroides|s__Bacteroides_vulgatus,154,0.6797773503059791,8.705238786170995,0.2921486806842123,0.3681659856861995,False
ZellerG_2014,s__Ruminococcus_bromii,k__Bacteria|p__Firmicutes|c__Clostridia|o__Clostridiales|f__Ruminococcaceae|g__Ruminococcus|s__Ruminococcus_bromii,137,0.3723712627483399,17.01023954644653,0.015269103072778956,1.3295342120854865e-09,True
ZellerG_2014,s__Faecalibacterium_prausnitzii,k__Bacteria|p__Firmicutes|c__Clostridia|o__Clostridiales|f__Ruminococcaceae|g__Faecalibacterium|s__Faecalibacterium_prausnitzii,156,0.9516581282904476,5.357576830264242,0.11817922092529876,0.17521895419122735,False
ZellerG_2014,s__Bacteroides_uniformis,k__Bacteria|p__Bacteroidetes|c__Bacteroidia|o__Bacteroidales|f__Bacteroidaceae|g__Bacteroides|s__Bacteroides_uniformis,156,0.7264401332057565,6.985826249559193,0.7413333921002331,0.11656826811135568,True
ZellerG_2014,s__Prevotella_copri,k__Bacteria|p__Bacteroidetes|c__Bacteroidia|o__Bacteroidales|f__Prevotellaceae|g__Prevotella|s__Prevotella_copri,82,0.23195589031505673,30.77965358638738,0.058322105692576565,1.566965879449969e-15,True
ZellerG_2014,s__Eubacterium_rectale,k__Bacteria|p__Firmicutes|c__Clostridia|o__Clostridiales|f__Lachnospiraceae|g__Lachnospiraceae_unclassified|s__Eubacterium_rectale,144,0.4179979072485346,8.063320872073136,0.49298876492138766,1.62005561010639e-08,True
ZellerG_2014,s__Eubacterium_sp_CAG_180,k__Bacteria|p__Firmicutes|c__Clostridia|o__Clostridiales|f__Eubacteriaceae|g__Eubacterium|s__Eubacterium_sp_CAG_180,87,0.42789055570945383,10.067688286528373,0.18414152204783196,0.0003465722435838273,True
ZellerG_2014,s__Roseburia_faecis,k__Bacteria|p__Firmicutes|c__Clostridia|o__Clostridiales|f__Lachnospiraceae|g__Roseburia|s__Roseburia_faecis,137,0.5035946496647175,5.267767711199249,0.5002916963935868,0.0009697095896857855,True
ZellerG_2014,s__Eubacterium_eligens,k__Bacteria|p__Firmicutes|c__Clostridia|o__Clostridiales|f__Eubacteriaceae|g__Eubacterium|s__Eubacterium_eligens,125,0.5770125237007598,4.834333477043605,0.5107039725929778,0.04620137970882299,True
ZellerG_2014,s__Anaerostipes_hadrus,k__Bacteria|p__Firmicutes|c__Clostridia|o__Clostridiales|f__Lachnospiraceae|g__Anaerostipes|s__Anaerostipes_hadrus,149,0.6053304098530319,3.8279166628662997,0.6677108147086603,0.00018297066734739725,True
ZellerG_2014,s__Bacteroides_dorei,k__Bacteria|p__Bacteroidetes|c__Bacteroidia|o__Bacteroidales|f__Bacteroidaceae|g__Bacteroides|s__Bacteroides_dorei,122,0.35719959226197684,6.990989062472036,0.4891049810734762,3.2995595873471673e-10,True
ZellerG_2014,s__Methanobrevibacter_smithii,k__Archaea|p__Euryarchaeota|c__Methanobacteria|o__Methanobacteriales|f__Methanobacteriaceae|g__Methanobrevibacter|s__Methanobrevibacter_smithii,94,0.3296546882914503,9.546741474897463,0.13652176403001304,9.70889289469699e-10,True
ZellerG_2014,s__Butyrivibrio_crossotus,k__Bacteria|p__Firmicutes|c__Clostridia|o__Clostridiales|f__Lachnospiraceae|g__Butyrivibrio|s__Butyrivibrio_crossotus,52,0.24309950880184483,21.77710235083457,0.022305944574027237,1.2692340960936831e-11,True
ZellerG_2014,s__Alistipes_putredinis,k__Bacteria|p__Bacteroidetes|c__Bacteroidia|o__Bacteroidales|f__Rikenellaceae|g__Alistipes|s__Alistipes_putredinis,137,0.6033596780673642,3.320414879184332,0.22985790044740273,0.028364528260483857,True
ZellerG_2014,s__Dorea_longicatena,k__Bacteria|p__Firmicutes|c__Clostridia|o__Clostridiales|f__Lachnospiraceae|g__Dorea|s__Dorea_longicatena,144,0.850593780670814,1.959930696643893,0.3180158602046105,0.7369717177645811,False
ZellerG_2014,s__Parabacteroides_distasonis,k__Bacteria|p__Bacteroidetes|c__Bacteroidia|o__Bacteroidales|f__Tannerellaceae|g__Parabacteroides|s__Parabacteroides_distasonis,145,0.7523633767954251,2.1230016490947365,0.10585585258511576,0.01253113333671969,True
ZellerG_2014,s__Roseburia_inulinivorans,k__Bacteria|p__Firmicutes|c__Clostridia|o__Clostridiales|f__Lachnospiraceae|g__Roseburia|s__Roseburia_inulinivorans,144,0.6408773716289429,2.3734451534783636,0.6703628452916484,0.0036174533182162846,True
ZellerG_2014,s__Escherichia_coli,k__Bacteria|p__Proteobacteria|c__Gammaproteobacteria|o__Enterobacterales|f__Enterobacteriaceae|g__Escherichia|s__Escherichia_coli,125,0.3358366366888981,5.128579707625857,0.05820227744378115,3.2045956785945335e-15,True
ZellerG_2014,s__Coprococcus_comes,k__Bacteria|p__Firmicutes|c__Clostridia|o__Clostridiales|f__Lachnospiraceae|g__Coprococcus|s__Coprococcus_comes,137,0.8773370239254729,1.6806308953336153,0.31340227742073656,0.7180396973214853,False
ZellerG_2014,s__Ruminococcus_torques,k__Bacteria|p__Firmicutes|c__Clostridia|o__Clostridiales|f__Lachnospiraceae|g__Blautia|s__Ruminococcus_torques,123,0.761165335148191,2.1277187722197244,0.7528652974603904,0.6393039531195314,True
ZellerG_2014,s__Collinsella_aerofaciens,k__Bacteria|p__Actinobacteria|c__Coriobacteriia|o__Coriobacteriales|f__Coriobacteriaceae|g__Collinsella|s__Collinsella_aerofaciens,138,0.39860675246123195,3.583349892967595,0.06756214661369175,1.7579850959646429e-07,True
ZellerG_2014,s__Coprococcus_eutactus,k__Bacteria|p__Firmicutes|c__Clostridia|o__Clostridiales|f__Lachnospiraceae|g__Coprococcus|s__Coprococcus_eutactus,77,0.326095882389132,7.588995333946011,0.4730394368750578,1.9774017633393288e-09,True
ZellerG_2014,s__Eubacterium_hallii,k__Bacteria|p__Firmicutes|c__Clostridia|o__Clostridiales|f__Eubacteriaceae|g__Eubacterium|s__Eubacterium_hallii,146,0.5593433884624378,2.3264371888814392,0.9475937416981576,0.000271388658185771,True
ZellerG_2014,s__Blautia_obeum,k__Bacteria|p__Firmicutes|c__Clostridia|o__Clostridiales|f__Lachnospiraceae|g__Blautia|s__Blautia_obeum,149,0.5971562224034394,2.044807513328374,0.3700447032522153,0.0003197504055049307,True
ZellerG_2014,s__Akkermansia_muciniphila,k__Bacteria|p__Verrucomicrobia|c__Verrucomicrobiae|o__Verrucomicrobiales|f__Akkermansiaceae|g__Akkermansia|s__Akkermansia_muciniphila,109,0.3472602984711957,4.78116823479779,0.08493263304444731,2.1434885493932327e-08,True
ZellerG_2014,s__Bifidobacterium_adolescentis,k__Bacteria|p__Actinobacteria|c__Actinobacteria|o__Bifidobacteriales|f__Bifidobacteriaceae|g__Bifidobacterium|s__Bifidobacterium_adolescentis,93,0.30886516894433386,6.249618462849346,0.33719064767798324,7.621294684602607e-13,True
ZellerG_2014,s__Bifidobacterium_longum,k__Bacteria|p__Actinobacteria|c__Actinobacteria|o__Bifidobacteriales|f__Bifidobacteriaceae|g__Bifidobacterium|s__Bifidobacterium_longum,121,0.38819949769482737,3.672644952108169,0.41211644023412874,4.898655988478945e-10,True
ZellerG_2014,s__Lachnospira_pectinoschiza,k__Bacteria|p__Firmicutes|c__Clostridia|o__Clostridiales|f__Lachnospiraceae|g__Lachnospira|s__Lachnospira_pectinoschiza,92,0.41829421167298053,4.159444153159111,0.6137417575182595,6.288476279368434e-05,True
ZellerG_2014,s__Bacteroides_plebeius,k__Bacteria|p__Bacteroidetes|c__Bacteroidia|o__Bacteroidales|f__Bacteroidaceae|g__Bacteroides|s__Bacteroides_plebeius,62,0.3067314275889077,8.276906210820655,0.7652565028551322,2.901844645784459e-06,True
ZellerG_2014,s__Bacteroides_thetaiotaomicron,k__Bacteria|p__Bacteroidetes|c__Bacteroidia|o__Bacteroidales|f__Bacteroidaceae|g__Bacteroides|s__Bacteroides_thetaiotaomicron,133,0.5025037191626588,2.3423942144600667,0.04919807340029758,8.039675946931388e-07,True
