state,taxon,taxon_full,state_ks,control_ks,excess_ks,alpha_hat,theta_hat,mean_abund
UC,s__Bacteroides_cellulosilyticus,k__Bacteria|p__Bacteroidetes|c__Bacteroidia|o__Bacteroidales|f__Bacteroidaceae|g__Bacteroides|s__Bacteroides_cellulosilyticus,0.1265030855337536,0.05049685495026543,0.07600623058348818,0.4291232373964546,3.1252409076508325,1.3411134959349593
UC,s__Lachnospira_pectinoschiza,k__Bacteria|p__Firmicutes|c__Clostridia|o__Clostridiales|f__Lachnospiraceae|g__Lachnospira|s__Lachnospira_pectinoschiza,0.09801468728992135,0.033370209841592155,0.0646444774483292,0.7345835129332041,1.8113779767840912,1.3306083974358975
UC,s__Eubacterium_siraeum,k__Bacteria|p__Firmicutes|c__Clostridia|o__Clostridiales|f__Ruminococcaceae|g__Ruminococcaceae_unclassified|s__Eubacterium_siraeum,0.13535560362196053,0.07644299500080887,0.05891260862115166,0.35396850849019934,5.2578563090085915,1.8611155555555556
UC,s__Eubacterium_rectale,k__Bacteria|p__Firmicutes|c__Clostridia|o__Clostridiales|f__Lachnospiraceae|g__Lachnospiraceae_unclassified|s__Eubacterium_rectale,0.07803660680269042,0.040321684204301794,0.03771492259838863,0.5889369756079984,5.878365992835038,3.461987089337176
UC,s__Escherichia_coli,k__Bacteria|p__Proteobacteria|c__Gammaproteobacteria|o__Enterobacterales|f__Enterobacteriaceae|g__Escherichia|s__Escherichia_coli,0.19795314538957576,0.1623162169457918,0.035636928443783966,0.3207038786095209,6.469482066328774,2.0747879912663754
UC,s__Bacteroides_caccae,k__Bacteria|p__Bacteroidetes|c__Bacteroidia|o__Bacteroidales|f__Bacteroidaceae|g__Bacteroides|s__Bacteroides_caccae,0.07215410020680707,0.0461140298824555,0.026040070324351572,0.899909631264569,3.9600129479821784,3.563653791821561
UC,s__Fusicatenibacter_saccharivorans,k__Bacteria|p__Firmicutes|c__Clostridia|o__Clostridiales|f__Lachnospiraceae|g__Fusicatenibacter|s__Fusicatenibacter_saccharivorans,0.0927538376567163,0.0682616750798779,0.024492162576838394,0.6462482094539094,1.0142309453921652,0.6554449324324325
UC,s__Oscillibacter_sp_57_20,k__Bacteria|p__Firmicutes|c__Clostridia|o__Clostridiales|f__Oscillospiraceae|g__Oscillibacter|s__Oscillibacter_sp_57_20,0.06457682579985546,0.046108761565753165,0.0184680642341023,0.6190035208211799,1.152827230027764,0.7136041142857141
UC,s__Eubacterium_eligens,k__Bacteria|p__Firmicutes|c__Clostridia|o__Clostridiales|f__Eubacteriaceae|g__Eubacterium|s__Eubacterium_eligens,0.06430519331237794,0.05266756655045135,0.01163762676192659,0.6229326678635927,2.281240329637524,1.4210591245791244
UC,s__Bacteroides_ovatus,k__Bacteria|p__Bacteroidetes|c__Bacteroidia|o__Bacteroidales|f__Bacteroidaceae|g__Bacteroides|s__Bacteroides_ovatus,0.05882974848984879,0.050777865610938,0.008051882878910788,0.6994586944531518,5.862316987670678,4.1004485866666665
UC,s__Bacteroides_xylanisolvens,k__Bacteria|p__Bacteroidetes|c__Bacteroidia|o__Bacteroidales|f__Bacteroidaceae|g__Bacteroides|s__Bacteroides_xylanisolvens,0.10252171023394918,0.09582195785234532,0.006699752381603863,0.392272595848867,3.0497701720587265,1.1963412621359224
UC,s__Bacteroides_stercoris,k__Bacteria|p__Bacteroidetes|c__Bacteroidia|o__Bacteroidales|f__Bacteroidaceae|g__Bacteroides|s__Bacteroides_stercoris,0.10465577298926976,0.10055756348463935,0.004098209504630412,0.6099251648238676,15.398968549476379,9.392218430656934
UC,s__Faecalibacterium_prausnitzii,k__Bacteria|p__Firmicutes|c__Clostridia|o__Clostridiales|f__Ruminococcaceae|g__Faecalibacterium|s__Faecalibacterium_prausnitzii,0.0351950069314938,0.03175225837583595,0.0034427485556578485,0.9574003175252263,9.558618551824942,9.151424436619719
UC,s__Bacteroides_vulgatus,k__Bacteria|p__Bacteroidetes|c__Bacteroidia|o__Bacteroidales|f__Bacteroidaceae|g__Bacteroides|s__Bacteroides_vulgatus,0.12218145605554365,0.12570738581470725,-0.003525929759163604,0.6425301577612628,32.38913608301668,20.810996717171715
UC,s__Alistipes_finegoldii,k__Bacteria|p__Bacteroidetes|c__Bacteroidia|o__Bacteroidales|f__Rikenellaceae|g__Alistipes|s__Alistipes_finegoldii,0.09295600462352005,0.09679570090025424,-0.0038396962767341947,0.3793802580817935,3.3621035216845363,1.275515701754386
UC,s__Parabacteroides_distasonis,k__Bacteria|p__Bacteroidetes|c__Bacteroidia|o__Bacteroidales|f__Tannerellaceae|g__Parabacteroides|s__Parabacteroides_distasonis,0.03208913289941362,0.03688299345594326,-0.004793860556529639,0.9043794309647964,3.679026662886978,3.3272360398860394
UC,s__Prevotella_copri,k__Bacteria|p__Bacteroidetes|c__Bacteroidia|o__Bacteroidales|f__Prevotellaceae|g__Prevotella|s__Prevotella_copri,0.15140662783207903,0.15642298711494018,-0.005016359282861149,0.2610794062288019,97.98969594037162,25.58309163265306
UC,s__Barnesiella_intestinihominis,k__Bacteria|p__Bacteroidetes|c__Bacteroidia|o__Bacteroidales|f__Barnesiellaceae|g__Barnesiella|s__Barnesiella_intestinihominis,0.05681157292764949,0.06262034753341905,-0.005808774605769562,0.5731404015317795,2.924562791443087,1.6761850925925927
UC,s__Eubacterium_sp_CAG_38,k__Bacteria|p__Firmicutes|c__Clostridia|o__Clostridiales|f__Eubacteriaceae|g__Eubacterium|s__Eubacterium_sp_CAG_38,0.11218716597944933,0.11951262753164715,-0.007325461552197821,0.5866632787728274,1.0666647849824031,0.6257730601092896
UC,s__Roseburia_hominis,k__Bacteria|p__Firmicutes|c__Clostridia|o__Clostridiales|f__Lachnospiraceae|g__Roseburia|s__Roseburia_hominis,0.09567229880189243,0.10439277404022407,-0.008720475238331638,0.4686426282942838,1.0103181527249319,0.4734781545064377
CD,s__Lachnospira_pectinoschiza,k__Bacteria|p__Firmicutes|c__Clostridia|o__Clostridiales|f__Lachnospiraceae|g__Lachnospira|s__Lachnospira_pectinoschiza,0.121431480683316,0.033370209841592155,0.08806127084172384,0.43822303558780484,4.2383058075066256,1.857323236714976
CD,s__Bacteroides_vulgatus,k__Bacteria|p__Bacteroidetes|c__Bacteroidia|o__Bacteroidales|f__Bacteroidaceae|g__Bacteroides|s__Bacteroides_vulgatus,0.1973563908579431,0.12570738581470725,0.07164900504323585,0.5128089981901904,43.392530087558484,22.252079883138563
CD,s__Alistipes_putredinis,k__Bacteria|p__Bacteroidetes|c__Bacteroidia|o__Bacteroidales|f__Rikenellaceae|g__Alistipes|s__Alistipes_putredinis,0.1625541673556128,0.09820813535361822,0.06434603200199457,0.6859392100096027,7.259284350004601,4.979427772277228
CD,s__Parabacteroides_distasonis,k__Bacteria|p__Bacteroidetes|c__Bacteroidia|o__Bacteroidales|f__Tannerellaceae|g__Parabacteroides|s__Parabacteroides_distasonis,0.09952061593535388,0.03688299345594326,0.06263762247941063,0.7083661817237031,5.584221340711195,3.9556735490196075
CD,s__Akkermansia_muciniphila,k__Bacteria|p__Verrucomicrobia|c__Verrucomicrobiae|o__Verrucomicrobiales|f__Akkermansiaceae|g__Akkermansia|s__Akkermansia_muciniphila,0.1373578751037936,0.0982143029953228,0.0391435721084708,0.30820660340317624,9.385409516665257,2.892645188679245
CD,s__Eubacterium_siraeum,k__Bacteria|p__Firmicutes|c__Clostridia|o__Clostridiales|f__Ruminococcaceae|g__Ruminococcaceae_unclassified|s__Eubacterium_siraeum,0.11186600030355676,0.07644299500080887,0.03542300530274789,0.3561698452411733,5.081635961757491,1.8099254940711462
CD,s__Ruminococcus_bicirculans,k__Bacteria|p__Firmicutes|c__Clostridia|o__Clostridiales|f__Ruminococcaceae|g__Ruminococcus|s__Ruminococcus_bicirculans,0.11553704228253647,0.08042364376986749,0.03511339851266898,0.4627463001549738,1.891539123704064,0.875302731092437
CD,s__Bacteroides_caccae,k__Bacteria|p__Bacteroidetes|c__Bacteroidia|o__Bacteroidales|f__Bacteroidaceae|g__Bacteroides|s__Bacteroides_caccae,0.07391723528528121,0.0461140298824555,0.027803205402825715,0.8623246106893283,5.049580683876808,4.354377697368421
CD,s__Fusicatenibacter_saccharivorans,k__Bacteria|p__Firmicutes|c__Clostridia|o__Clostridiales|f__Lachnospiraceae|g__Fusicatenibacter|s__Fusicatenibacter_saccharivorans,0.09393353955254946,0.0682616750798779,0.025671864472671557,0.5252017885550154,1.3096132772388427,0.6878112355212355
CD,s__Barnesiella_intestinihominis,k__Bacteria|p__Bacteroidetes|c__Bacteroidia|o__Bacteroidales|f__Barnesiellaceae|g__Barnesiella|s__Barnesiella_intestinihominis,0.08369661124730854,0.06262034753341905,0.021076263713889487,0.6271481726627458,3.9626061967823403,2.4851412352941176
CD,s__Bacteroides_cellulosilyticus,k__Bacteria|p__Bacteroidetes|c__Bacteroidia|o__Bacteroidales|f__Bacteroidaceae|g__Bacteroides|s__Bacteroides_cellulosilyticus,0.06846675125584029,0.05049685495026543,0.017969896305574856,0.5236597389891752,4.803371466701026,2.5153322485207106
CD,s__Eubacterium_rectale,k__Bacteria|p__Firmicutes|c__Clostridia|o__Clostridiales|f__Lachnospiraceae|g__Lachnospiraceae_unclassified|s__Eubacterium_rectale,0.053742230664323654,0.040321684204301794,0.01342054646002186,0.42827151019269594,7.683104804470043,3.290454897579143
CD,s__Bacteroides_uniformis,k__Bacteria|p__Bacteroidetes|c__Bacteroidia|o__Bacteroidales|f__Bacteroidaceae|g__Bacteroides|s__Bacteroides_uniformis,0.08694379829105522,0.07454036097215111,0.012403437318904115,0.8100789823101939,15.947816758125208,12.918991169491525
CD,s__Faecalibacterium_prausnitzii,k__Bacteria|p__Firmicutes|c__Clostridia|o__Clostridiales|f__Ruminococcaceae|g__Faecalibacterium|s__Faecalibacterium_prausnitzii,0.03628313551010706,0.03175225837583595,0.004530877134271111,0.8541307678620188,9.726746208819192,8.307913208137716
CD,s__Bacteroides_dorei,k__Bacteria|p__Bacteroidetes|c__Bacteroidia|o__Bacteroidales|f__Bacteroidaceae|g__Bacteroides|s__Bacteroides_dorei,0.10028409593065479,0.09616115878796261,0.004122937142692185,0.3208491264720618,35.84398707220217,11.500511941391942
CD,s__Eubacterium_eligens,k__Bacteria|p__Firmicutes|c__Clostridia|o__Clostridiales|f__Eubacteriaceae|g__Eubacterium|s__Eubacterium_eligens,0.054152082858393125,0.05266756655045135,0.0014845163079417745,0.5432935619583427,2.0878977854654615,1.1343414248704662
CD,s__Ruminococcus_gnavus,k__Bacteria|p__Firmicutes|c__Clostridia|o__Clostridiales|f__Lachnospiraceae|g__Blautia|s__Ruminococcus_gnavus,0.17378377157238634,0.17447467852316245,-0.0006909069507761156,0.3267974074001431,3.314971952347447,1.0833242396313365
CD,s__Oscillibacter_sp_57_20,k__Bacteria|p__Firmicutes|c__Clostridia|o__Clostridiales|f__Oscillospiraceae|g__Oscillibacter|s__Oscillibacter_sp_57_20,0.04346136142881285,0.046108761565753165,-0.0026474001369403144,0.7275579790108485,1.3766946194453384,1.0016251550387596
CD,s__Odoribacter_splanchnicus,k__Bacteria|p__Bacteroidetes|c__Bacteroidia|o__Bacteroidales|f__Odoribacteraceae|g__Odoribacter|s__Odoribacter_splanchnicus,0.06787517858698461,0.07221648953395868,-0.00434131094697407,1.1874440626042255,0.9292501921788605,1.1034326233766234
CD,s__Escherichia_coli,k__Bacteria|p__Proteobacteria|c__Gammaproteobacteria|o__Enterobacterales|f__Enterobacteriaceae|g__Escherichia|s__Escherichia_coli,0.15529714770279873,0.1623162169457918,-0.007019069242993059,0.2780256757780614,14.825023322485578,4.121737127659574
